text,label,notes,source_url,source_type,qc_status,qc_note
"Shutter Island is a masterclass in using bad filmmaking to tell the truth

I watched Shutter Island again recently and found myself looking past the plot twist to focus entirely on the craft. We often discuss this film in terms of its narrative resolution, but I think the real brilliance lies in how Martin Scorsese and his team codified the protagonist's delusion into the physical elements of the film. They used techniques that would usually be considered ""mistakes"" in cinema to create a subconscious feeling of unease. The editing by Thelma Schoonmaker is the strongest example of this. In standard filmmaking, continuity is sacred. If a character picks up a glass with their right hand, they should be holding it with their right hand in the next shot. Schoonmaker deliberately breaks these rules to place us inside Teddy’s fractured perspective. The most potent example is the interview scene with the patient who killed her husband with an axe. She asks for water. When the camera is on her, she lifts a hand to her mouth and drinks nothing. There is no glass in her hand. But when she sets her hand down on the table, a glass actually appears. This isn't a continuity error. It is a subjective camera technique. Teddy has a traumatic aversion to water because his children drowned in a lake. His mind literally edits the water out of existence until he is forced to acknowledge it. This level of detail extends to Dante Ferretti’s production design. On a first watch, the brick walls and the imposing gates of the institution feel almost too theatrical. They have a texture that feels slightly artificial. This makes perfect sense when you realize the entire island is essentially a stage play designed for Teddy’s benefit. The world feels staged because it is staged. The environment itself is participating in the roleplay. Then there is the performance of Mark Ruffalo as Chuck. It is easy to overlook him on a first viewing because DiCaprio is doing the heavy lifting, but Ruffalo’s performance is a high-wire act. He is playing a doctor who is playing a U.S. Marshal. If you watch closely during their arrival at the island, you can see this duality in the physical acting. When they are asked to surrender their firearms, Ruffalo struggles to remove his gun from its holster. A real U.S. Marshal would have the muscle memory to handle his sidearm without looking. A doctor pretending to be a Marshal would fumble. It is a tiny physical choice that gives the game away within the first ten minutes if you know where to look. Scorsese also establishes a strict elemental code regarding fire and water. If you track these elements through the film, the twist becomes inevitable. Fire consistently represents Teddy’s hallucinations. He sits by a fire in the cave with the ""real"" Rachel Solando. Andrew Laeddis appears in dreams surrounded by fire and ash. Fire is his fantasy. Conversely, water represents reality. He arrives on a boat through water. The storm forces him to confront the truth. The water in the lake is the source of his real trauma. Shutter Island is often remembered just for the ending. However, I believe it stands as one of the most technically precise films in Scorsese’s filmography.",analysis,Reasoning or interpretation is the main substance of the text.,https://www.reddit.com/r/TrueFilm/comments/1pwvmyq/shutter_island_is_a_masterclass_in_using_bad/,post,reviewed,Kept original label after QC/spot-check
"Notes from One Battle After Another

What follows is just a series of stray observations after seeing the movie yesterday. I realise that everyone is going to have things to say on this movie and it's probably going to get lost in the noided noise, but I'm adding my thoughts to the digital pyre anyway. Might even punt a proper review at some point. Anyway, here goes. Firstly, it was great to see a movie in the grand tradition of great movies again. No tricks, no ham-fisted messaging, no smug dialogue or smart arse quipping leads, no obvious subtext pushed as the ur-text, no self-conciously style-over-substance showy camera moves, just solid, expertly executed filmmaking in service to a fundamentally simple story. Raise yer, damn kids, man. People are falling over themselves to generate the ""hot take"" on this but it's ultimately very simple and very true: raise your kids well, they're the future. Doesn't matter if they're ""biologically"" yours or not. In fact, take special care if they're not yours. Perfidia (meaning treacherous)is not a ""good guy"". She's in love with the pyrotechnics and incendiary, visceral thrills of revolution (she literally gets horny from explosions, bomb making and firing guns). The organisation mentions many times that she's a problem and the fact that we never see her again after her ""disappearance"" is pointed. Raising a child is the most revolutionary act we can perform. She wasn't up to it. And the actual dad (Lockjaw) definitely wasn't. Beware the maze of rhetoric and semantics Both organisations (Christmas Adventurers and French 75) are mired in semantic problems. One demands a ridiculous set of criteria to be met to gain entry the other seems infatuated with smart arse references doled out in code to prove one's allegiance. Both methods are dumb and counter productive. This is best illustrated by when byzantine maze of dumb code words debacle is eventually successfully navigated via a simple solution: does this guy know me personally. Note as well that Bob never gives Willa the answer to her code word prompt. She eventually just trusts him because he's her ""dad"" and she knows him. Suposedly shared codes are no substitute for knowing someone intimately. Side note: Greenacres, Beverley Hillbillies, Hooterville Junction is taken from Gil Scott Heron's The Revolution Will Not Be Televised, which speaks for itself here and I don't think I need to elaborate. Also, there was a crossover Greenacres and Hillbillies episode. Does this imply that maybe the Christmas Adventureres and the French 75 have more in common than they'd like to admit? Maybe or I'm reaching here. I like it anyway. There's a tunnel under America Well, there's lots actually. And people keep digging more. Ultimately if you tunnel under something too much, the foundations collapse. Both organisations utilise tunnels to represent that there is a shadow culture existing in parallel to the surface. Two of them are literally underneath family homes. I don't think I need to elaborate on this further but it's fun to, ahem, explore... Revolution as spectacle I don't want to get bogged down in Guy Debord and the Society of the Spectacle here, but suffice to say that revolutionary clandestine societies are often presented as exciting and sexy: secret meetings, bombs and guns, codes and handshakes, being in a gang, waging war against mainstream society etc etc This is enticing to many people: we're gonna change the world and feel chill cool doing it.",analysis,Reasoning or interpretation is the main substance of the text.,https://www.reddit.com/r/TrueFilm/comments/1nrtier/notes_from_one_battle_after_another/,post,reviewed,Kept original label after QC/spot-check
"One Battle After Another has one of the finest car chases in any movie.

In this thread, all pretexts of critical analysis, sociopolitical commentary, intertextuality with Pynchon, etc. are out. I’m just here to gush about the climatic chase between Willa, Bob, and the Christmas Adventurer bozo. Somehow, P.T. Anderson found an original way to shoot a car chase. What really struck me about the chase was its simplicity and elegance. After 90 minutes of frenetic inter-cutting and Cuarón-esque long tracking shots, Anderson pares the scene down to Hitchcockian essentials. Because Avanti has already shot Lockjaw off the road, we know what his plan is and how close he needs to get to Willa before he can kill her. The focus is on the topography of the road, the cars passing in and out of each others’ sight lines, and the closing distance between them. The vertical shot compositions are spectacular, of course, but just as important is the way the hilly landscape creates compositional depth. There are three distances the characters have to follow: the road zooming by in front of them (shown in dizzying hubcap-level shots), the hill ahead in the middle distance, and the cars drifting in and out of view as they crest each hill. These three points of reference are all changing at different rates, creating a wobbly, vertiginous effect. At the same time, the cars are closing on on each other slowly enough that there’s an eerie sense of temporary, unstable equilibrium. Subtler than the cinematography, but maybe just as important, is the editing. I’d be fascinated to know the tempo of shot lengths. On a first viewing, though, it seemed to me as if the shots were of roughly consistent length throughout the chase. The ordinary logic would be accelerating tempo = building tension. But the choice to keep the pace at an even keel is brilliant, because it means the viewer has to rely on the same cues Willa does. Her strategy of leaving her car on the road is all the more satisfying because we understand how tricky it would be for her to time it out. It bums me out that fans of action movies and thrillers probably aren’t going to see *OBAA* in droves. Considering how bloated and cluttered big-budget action movies have gotten, I think this scene, among others, would impress a lot of casual cinemagoers who might not otherwise watch a PTA film. There’s a lot to be said for making a chase scene as big and elaborate as possible, in the tradition of *Bullitt*, *The French Connection*, and *Raiders of the Lost Ark*. That tradition reached its zenith with *Mad Max: Fury Road*—a film that, come to think of it, shares a lot of narrative and thematic common ground with *OBAA*. But this chase was such a wonderful reminder of what you can do with the basic visual grammar of movement. Questions for discussion: 1. What were your thoughts on this scene? Or, more generally, how *OBAA* manages to tackle revolutionary leftist politics, inter-generational tragedy, the American police state, and the pathology of racism while still being, to quote Wikipedia, an “action thriller film”? 2. Have any of you had the chance to see *OBAA* in a 1.43:1 IMAX showing? First of all: [Congrats. Happy for you. Nice.](https://knowyourmeme.com/memes/congrats-happy-for-you) Second, I’m desperate to know how this scene, along with the rest of the film, looks with more vertical space from the 70mm negative.",analysis,Reasoning or interpretation is the main substance of the text.,https://www.reddit.com/r/TrueFilm/comments/1nrmw12/one_battle_after_another_has_one_of_the_finest/,post,reviewed,Kept original label after QC/spot-check
"So I watched Seven Samurai and had a few thoughts

It was my first time watching a classic and I'm so surprised at how much it moved me. I had a few thoughts that I wanted to share about the film. I'd be so happy to talk about it to people who have seen it. Taking from my letterboxd review: My review is going to be a little collection of my attempts at dissecting the moments in the film that struck me and stayed with me: The very first thing I noticed about 15 minutes into the film is how immersive the atmosphere is. There is not much background score, yet it pulls me in. Almost as if there is no need for music, the silence and the dialogues are enough. I realised that it is such a stark contrast to modern films now which heavily rely on music to set the emotional tone/background and the viewer is manipulated through the background music. But here, Kurosawa allows you to feel the silence, sit with it, soak in it. He does not handhold you through emotions, he allows you to find your own emotions. The silence made it more immersive in my opinion, almost like the real world. I think the character who often gets dismissed as a comic relief but is central to the plot is Yohei. Yohei is a meek, a crybaby. Yohei's helplessness and fear are written all across his face. When Kambei is just about to reject the farmers' plea because their idea seems almost impossible, it is Yohei's weeping face brings him back. This way, Yohei steers the whole plot into motion. Yohei represents the grief of the farmers but in some way, also their hope. The scene that wrecked me wasn't particularly grand. But my heart absolutely broke when the rice is stolen in the first half. As Yohei picks up the few rice grains from the floor, the camera just stays on his hands, focused on the leftover rice grains. The slowness of that scene made me feel the pain of each grain that was lost. It was everything the farmers had to offer. Then Katsushiro, very stoically tosses a few coins at Yohei and Rikichi so they can go buy more rice. I was taken aback. It showed how katsushiro had nothing to gain from helping the farmers. It was almost like a little game of amusement to him. He obviously came from a wealthy samurai family. To Kambei and Gorobei, the rice is as sacred as money. They respect the farmers' labor. They see rice as a product of their labor and a dignified form of payment for their service to the farmer. But to Katsushiro, these things have very little inherent meaning. I wouldn't have picked this scene apart if it wasn't for the moment when Katsushiro asks Yohei and Rikichi to hide the money. That completely changes everything one can assume about Katsushiro's character. The coin tossing could easily be seen as something the rich, young boy does on a whim because he does not want his new thrill-seeking adventure episode to end over some cheap rice he can easily buy. But this small act of giving reflects the compassion he has deep down and his yearning for a deeper purpose. He wants to be a kind samurai, much like Kambei. But the social background that he comes from does not see kindness as noble. Samurai have to hold up to the image of stoic and brutalist beings. But being around Kambei, he is learning how kindness can very much be brave and noble. That is why he is so drawn to Kambei. And so he absolutely wants to protect Kambei's dignity and also the farmers'. He could easily help them with money but he chooses not to, because that would be doing good out of pity.",analysis,Reasoning or interpretation is the main substance of the text.,https://www.reddit.com/r/TrueFilm/comments/1lkak4n/so_i_watched_seven_samurai_and_had_a_few_thoughts/,post,reviewed,Kept original label after QC/spot-check
"Boiling Point, the most ""Kitano"" of Kitano's films

This film has a fetishistic use of blocking. In a lot of scenes, actors simply stand or sit in one spot. Maybe with some look frozen on their face, or performing some minor action (that doesn't move them from their spot.) Check out this example - [https://i.imgur.com/uViPAmr.jpeg](https://i.imgur.com/uViPAmr.jpeg) \- Probably the most memorable in the film. Only one character in that shot moves, one of the gangsters on the left, who slightly tilts his head. Everyone is waiting. Waiting for someone to speak, for something to happen, for anything at all, until then, they are still. They feel like they were placed there artificially, according to the role/position they must fulfill. Obviously, a director wants actors in a specific spot. But beyond that, like I said a lot of scenes feel static and acutely arranged, which directly parallels the baseball scenes, and in general how baseball is played. The still, prearranged blocking is a metaphor for baseball, baseball is a metaphor for Kitano's style, Kitano's style is a metaphor for life. We're all standing around in our roles, waiting for the ball to land in our court. In Kitano's films, that ball is usually tragedy, violence, but sometimes humor and tenderness, and they can all come at you suddenly and without much warning. Stillness occasionally interrupted by movement. The tone of the film is another place where this film becomes the most ""Kitano"" of his work. The movie has no music aside from one scene at a karaoke lounge where the music is in-universe, and one part where you hear the Westminster Chimes, which can hardly be called a ""song"", though it is played in the film as if it were part of a soundtrack to that moment in the character's lives. It's hard to nail down if the film wants to be a screwy comedy or a ruthless revenge flick. Neither tone is fully committed to, and sometimes they're completely crossed and playing at the same time. There are several scenes where Uehara, the gangster character played by Kitano, beats his girlfriend. She fucked his gangster friend (because he ordered them both to fuck) and he's relentlessly cruel to her after that. And it's disgusting, yet, funny? It sounds demented to say that, but he's incredibly persistent. He constantly lets her have it over and over in different ways. Even when they're all eating popsicles, he refuses to buy her one, and then kicks her on the ass as he licks his. I think that's the strongest element where the clash/combination of tones is most evident, but the karaoke scene, which is a standout in the film, is another great example. In this scene, Uehara smashes a bottle on another gangster's head who insulted him. Then, the camera, without cutting, shifts the angle to the opposite side, and the exact same bottle smash occurs again, beat for beat the same choreography. The first smash is more violent than anything, then, it repeats itself identically from another angle, and becomes more humorous than anything. It is literally seeing the same event ""from another angle"" (from the violent angle, then the comedic angle.) The film's themes are very Kitano. Macho violence is at its most impotent, pointless, and despicable compared to his other films exploring the same themes. None of the violence and machoism present does anything to help any character.",analysis,Reasoning or interpretation is the main substance of the text.,https://www.reddit.com/r/TrueFilm/comments/1nox7d8/boiling_point_the_most_kitano_of_kitanos_films/,post,reviewed,Kept original label after QC/spot-check
"My reflections on ""The Castle of Sand"" / ""Suna no utsuwa"" (1974), directed by Yoshitarō Nomura - a timeless piece in the mystery genre

I watched this movie not too long ago, and when I looked for discussions about it online, I found almost nothing. So, I wanted to use this post to bring this film to the attention of those who might not have seen it yet. I became aware of this movie when I saw the novel it’s inspired by being highlighted by mangaka Gosho Aoyama in a volume of his famous series, ""Detective Conan"". Being curious about this story, I found out it was originally serialized in a newspaper in 1960. I know there are at least 4 adaptations for film and TV of this work, and the 1974 film is particularly celebrated as a classic in its home country. I haven't read the book, so I can't really say how closely the film follows it or if there were any changes to the screenplay since the film was made 14 years after the book. The movie is a police procedural that showcases the careful and slow nature of detective work, akin to some of my favourite investigative films like ""Zodiac,"" ""Memories of Murder,"" and even ""All the President's Men"" and ""Spotlight."" It starts with the discovery of an old man, found bludgeoned to death in a Tokyo rail yard. The story then follows two detectives as they attempt to figure out who the old man is, using just a scrap of conversation that was overheard by witnesses in a bar, between the old man and a younger man. What unfolds next is a sprawling investigation that traverses Japan. Presented in a travelogue style, this film captures the expansive geography and stunning landscapes of 1970s Japan. The cinematography and editing, characterized by wide shots and a slow pace, reflect the nature of the thorough investigative work depicted on screen, rather than the quick cuts that are more common in today’s crime thrillers. The storyline weaves in another character alongside the investigation scenes, making viewers suspect a potential suspect early on. We get a sense of the ""who?"" regarding the murder, but like the detectives, we are still in the dark about the ""why?"". In the last third of the film, as the investigation's findings come to light, it becomes a classic cinematic experience. The various intertwined story-lines begin to unravel. One thread shows the detectives sharing their case findings. In another, we get a montage of the killer's backstory. This montage is set to a classical music piece that another character is conducting in a different thread. As the music builds to a climax, we are swept away by an emotional and heartbreaking conclusion. I really liked this part, but I can see how modern viewers might think it's a bit too melodramatic and sentimental. Also, the final message shown on screen feels a bit overstated by today's standards, though it might have resonated better back in 1974. In my view, the narrative, visuals, and music certainly contribute to this film's status as a classic in the mystery genre. I am sure I will be watching it more often in the future. I hope this post encourages a wider audience to appreciate this film, which features a cool and meticulous police investigation in the first two-thirds, leading to a sweeping emotional payoff in the last third, with an extensive flashback that evokes the storytelling style of the silent film era.",analysis,Reasoning or interpretation is the main substance of the text.,https://www.reddit.com/r/TrueFilm/comments/1llu3ut/my_reflections_on_the_castle_of_sand_suna_no/,post,reviewed,Kept original label after QC/spot-check
"Exploitation Disguised as Art: A Critique of “Blonde”

There is only one thing I truly enjoyed in this film and that is the cinematic visuals: tone, colour, and lighting. If you ignore the actual narrative, it is visually appealing to an audience for its great cinematography and composition. The movie strives to be distinctive and eccentric through its visual aesthetics. And it is. It is artsy, but only in a way that will attract and maintain a specific audience entertained. The film uses shots that are not typically seen in everyday cinema. Using wide angle lenses, different tonalities, body cam mounts, and alternating between colour and monochromatic shots to create interesting composition. Although it is visually beautiful, the narrative and point of view in which this film was made is off-putting. It is nothing but an insultive and disrespectful caricature of an incredibly sad story. By the end of the movie I was speechless, and not in a good way. I felt numb; I simply could not wrap my head around what I had just watched. The best way to describe it is a setback from the progress that has been made for women in the film and entertainment industry. It’s perverse, tragic, and exhausting. It is beyond exploitative to Marilyn and her wishes; to the point where she is hyper sexualized and portrayed as incapable and powerless. Starting from the very standpoint of the movie title: *Blonde*. Already, the title only centres itself on appearances and physical attributes. It’s vague and stereotypical: Yes, being blonde is generally idealised as a ‘beauty norm’. But, is Marilyn truly just another blonde girl? From the very beginning of the movie it becomes clear to spectators that this has been created from the point of view of someone who wishes to diminish Marylin’s essence. Such an amazing opportunity to honour an influential and revolutionary woman in the entertainment industry has become a degrading almost three-hour film depicting every moment in her life in which men quibbled and took advantage of her being. They took extreme trauma and glamorised it through the male gaze. It is forceful and overtly sexual. There are countless scenes in which Marylin is seen topless for no reason. No woman truly lies around her house topless reading books, and yet Marylin seems to be an exception to this… In addition, Marilyn's unnecessarily addressing her romantic partners as “daddy” continues to sexualize and condition her under the male gaze. It is unjustified and does not serve to the overall story. Although most would argue that this is based on a fictional book, the film has been marketed as a biopic. Whether it is based on a fictional book or on real life events Marlyin still exists, and what is being portrayed on screen is not the life of a so-called ‘fictional character’ but of someone who actually lived. Which is something the cast and crew unfortunaley failed to understand. People will watch this to get an insight on Marilyn and who she truly was. Therefore, this film becomes misleading to an audience. Giving them an impression of her life that is offensive and insensitive to the woman that is the focal point of this film. Personally, I do not agree with the statement that “Blonde” is a film that strives to create awareness on the exploitative Hollywood culture. That is somethings that has been done before in other films, yet it has not been through a sexual fantasy on abuse and trauma.",analysis,Reasoning or interpretation is the main substance of the text.,https://www.reddit.com/r/TrueFilm/comments/1uehx2l/exploitation_disguised_as_art_a_critique_of_blonde/,post,reviewed,Kept original label after QC/spot-check
"Somersault (2004) - a highly stylised, beautiful and ahead-of-it's time exploration of female sexuality by a future director of Marvel films

*Somersault* came out in 2004 in Australia and seems to have launched the careers of Abbie Cornish and Sam Worthington; it swept the local Oscars equivalent but (personally for me at least, when I watched it in the years following as a teenager) didn't have the cultural staying power of other successful Australian films of the period. I rewatched it for the first time in years. This is sad because even in the 20+ intervening years I haven't really seen a story told like this. Directed by Cate Shortland (who'd go on to be a Marvel director...) Cornish stars as Heidi, a high school senior aged girl who runs away from home and school after she's caught kissing her mother's trashy boyfriend. When she lands in a nearby skiing town, we watch peeking through closed fingers as young Heidi tries to figure out how she can use her sexuality both as a tool to find companionship, lodgings, work, and food whilst also staying physically safe in a world full of men that want to take advantage of her. Despite following Heidi in a completely subjective manner, Shortland makes the character's inner world opaque at times. She's mature enough to realise if she hits up men in a bar at night and sleeps with them, she'll have somewhere to stay for the evening, but not old enough to read their cues that they want her gone in the morning. There are moments where it seems like Heidi is being depicted as some sort of Lolita-figure temptress, but then we are shown how she, like the child she is, collects trinkets and scrapbooks interesting fabrics and designs. Eventually sheltered by a charitable older woman who runs a small ski resort, for free, she connects with Worthington's Joe, an older guy equally confused about how his body relates to his mind. This isn't a love story by any means but instead an opportunity to contrast the ways different people approach the role sex has in their lives. There are two really key scenes in the movie that I think unlock it thematically -- Heidi finally makes a same-aged female friend when she gets a part-time job at a gas station. However, she loses this friendship when it's revealed her friend's father is one of the many men whom hit on Heidi earlier in the film, as part of her attempt to secure herself a place to stay. Heidi is not only shocked, but seems entirely confused about what she did wrong. It's as if, again, she's a much younger person controlling the body of a woman - she knows how it can be powerful but not how it puts her in danger or how the world interprets how she uses her body. In another scene, she's introduced to an autistic child and his mother who is teaching him how to manually interpret facial expressions via a chart. Heidi is enraptured by the chart, the process of learning how to interact with others via coursework, as if she can see a way forward from her constant state of confusion about why the world reacts to her attempts to persist. All this makes the movie sound either plot-heavy or dreary, but it's not. It's shot in a light, handheld (?) manner with a dreamlike score; the movie, for instance, stops in its tracks to let Heidi admire how a shot glass full of spirits mixes liquids when dropped in a glass beer. Again, Shortland shoots the movie subjectively (there's maybe two scenes that aren't from Heidi's POV) while not quite letting us in her mind.",analysis,Reasoning or interpretation is the main substance of the text.,https://www.reddit.com/r/TrueFilm/comments/1np9ibk/somersault_2004_a_highly_stylised_beautiful_and/,post,reviewed,Kept original label after QC/spot-check
"Top movies wIatched this year

1. The Last Bolshevik (1993) - Chris Marker An essay film that is part history, part eulogy, and part personal letter to Soviet director Alexander Medvedkin. Marker’s signature mix of archival footage, philosophical musings, and poetic narration is in full force, creating a dense, melancholic meditation on the fate of utopian ideals. 2. From the Notebook of... (1971/1998) - Robert Beavers A cornerstone of American avant-garde cinema. Beavers handcrafted his films, literally painting and scratching the filmstrip. This ""diary"" film is a mesmerizing, non-narrative series of visual notes on light, perception, and artistic process in Florence, edited over decades. 3. The Death of Empedocles (1987) - Danièle Huillet & Jean-Marie Straub The epitome of the ""Straub-Huillet"" method: radical austerity, non-professional actors reciting Hölderlin's text with flat delivery against natural landscapes. It's less a drama and more a geological, philosophical event—a true test of patience and reverence for text and image. 4. Serene Velocity (1970) - Ernie Gehr A structuralist masterpiece consisting of a single, static shot of an empty institutional hallway at night. Gehr alters only the focal length in a precise, rhythmic pattern, creating a pulsating, psychedelic, and profoundly hypnotic experience from pure cinematic parameters. 5. A Laughing Girl in a Birdcage? (1971) - Gregory J. Markopoulos Part of the monumental, lifelong project Eniaios, intended to be shown only at the filmmaker's remote Greek pilgrimage site, the Temenos. Its extremely rapid editing (single-frame flashes) of classical imagery creates a flickering, almost shamanistic trance state, completely divorced from commercial viewing contexts. 6. News from Home (1977) - Chantal Akerman While Akerman is known for Jeanne Dielman, this is a quieter, more abstract triumph. It consists of long, static shots of 1970s New York streets, over which Akerman reads letters from her mother in a monotone. The tension between the overwhelming city and the intimate, stifling voice creates a unique portrait of alienation. 7. The Colour of Pomegranates (1969) - Sergei Parajanov A biographical film about Armenian poet Sayat-Nova that completely rejects narrative. Instead, it's a series of breathtaking, tableau-vivant compositions based on Armenian medieval art, weaving a symbolic, non-linear tapestry of his life, spirituality, and creativity. A singular visual feast. 8. Damnation (1988) - Béla Tarr The film where Tarr found his apocalyptic voice: relentless rain, coal-dust, a nihilistic plot, and those legendary 10-minute black-and-white tracking shots following a hopeless protagonist in a dead-end town. The birth of his unique brand of ""slow cinema"" despair. 9. The Heart of the World (2000) - Guy Maddin A six-minute, hyper-kinetic silent film parody/summa of Soviet montage, German Expressionism, and apocalyptic melodrama. It's an overwhelming, hilarious, and sincere burst of pure cinephilia and formal invention, compressed into a frantic, visionary short. 10. Vital (2004) - Shinya Tsukamoto From the director of Tetsuo comes a shockingly quiet, somber, and visceral film about a medical student obsessively dissecting his deceased girlfriend's corpse to understand their relationship. It’s a gruesome yet profoundly romantic and philosophical art-horror film. 11. The Strange Case of Dr.",analysis,Reasoning or interpretation is the main substance of the text.,https://www.reddit.com/r/TrueFilm/comments/1q0p5zc/top_movies_wiatched_this_year/,post,reviewed,Kept original label after QC/spot-check
"Andrzej Żuławski's Possession (1981) - Exploration into Evil Transformation, Deeper Themes, Symbolism + The meaning behind the Pink Socked Character, Dogs & Drowning.

***""I can't exist by myself, because I'm afraid of myself. This gives me small rewards, I'm the maker of my own evil""*** The dialogue I quoted above basically explains the core of the film. *Possession* was a wildly visceral portrayal of spiritual + psychological possession of various characters in the film by Evil Omens. The concepts of a ""**False God/Demon**"" and chasing Evil to fill the void of loneliness were explored in a haunting demeanor. I'd like to clarify the film has no ""correct"" interpretation and what I'm providing below is my own interpretation and explanation of some of the symbolism & weird things that happen in the film, fell free to share your take on the replies. **The Exploration of a False God** >""***Was it divine? Perhaps you met God and you didn't even realize it... The great incomprehensible God you reach through fucking or dope***."" – Mark to Heinrich about the red bloody creature Heinrich saw inside Anna's apartment room As raw and uneasy as that dialogue is, I felt it was the most important one in the film, explaining to us viewers what exactly Anna was cooking inside the apartment. Most of the times when the film uses the word ""God,"" it is actually referring to a false god or a demon: the false god that is responsible for ""*small rewards*"" and evil things like dope or lust, which Anna had to build & nourish inside the apartment due to her loneliness and the stress of raising her son as a single mother. She had started to create this False ""God"" and search for it in order to overcome her loneliness ever since Mark left her alone to go away as a spy agent. ""*Searching for God is a disease.*"" – Anna. This quest for God unprecedentedly gave birth to the evil inside her instead, as the detective Zimmerman explains to her: ""*Darkness is easeful, temptation to let go* (of good things) *promises so much comfort after the pain*."" In attempt to find god, you start worshipping your vices instead, and that's what Anna ultimately did. Anna was already deeply possessed by Evil by the time we meet her in the film, wanting to distance herself from her husband and family, preferring a world full of chaos, evil and ""small rewards."" The apartment she usually travels to is a place where she sacrifices other people's bodies by murder and sells the victims' souls to gradually grow a demon/false god, feeding it and feeding it until the room explodes in fire and the creature she was brewing becomes a replica of her husband. During that crazy scene where she has sexual intercourse with this tentacle-laden red creature, she repeatedly yells *""Almost, almost...""* which, weirdly enough, is a double entendre for the sexual climax she was about to hit and also for the creature she is brewing, which is ""almost"" completed. By the time she shows us the final version of this creature in the climax few minutes later, she says ""*It's finished*"" and it looks exactly like her husband Mark. The fact that she was ""soul-feeding"" is reinforced when Heinrich's mother calls Mark on the phone to inform him that only the murder victim Heinrich's body was found but the soul was missing: and that's because the soul was sold to the devil, which was the case too in all her previous murders.",analysis,Reasoning or interpretation is the main substance of the text.,https://www.reddit.com/r/TrueFilm/comments/1lkc0zi/andrzej_żuławskis_possession_1981_exploration/,post,reviewed,Kept original label after QC/spot-check
"Famous for Fucked Up Things: Why Jill Roberts’ Motive in Scream 4 Was Misunderstood

One of the elements of Scream 4 that was most misunderstood at the time of its release was Jill Roberts’ motive, which in 2011 was routinely flattened into the dismissive shorthand that she “just wanted fame,” a reduction that treated her reason to kill as shallow, implausible, or simply a stretch of the imagination rather than a serious piece of social commentary. With the benefit of hindsight, however, that reading no longer holds, because what once felt exaggerated or cartoonish now reads as both strikingly precise and uncannily topical within the cultural landscape that followed. Jill’s motive was not poorly conceived or underwritten, but instead was simply ahead of the cultural moment it was attempting to interrogate. Rather than grounding her violence in revenge, inherited trauma, or a personal grievance that could be psychologized and contained, the film positioned her as a character attuned to something colder, more abstract, and ultimately more unsettling, namely the emerging mechanics of visibility itself. Jill does not kill to right a wrong or to resolve an emotional wound, but kills because she understands, earlier than most of the culture around her, how cultural value is produced, amplified, and sustained in a media ecosystem increasingly driven by attention and notoriety. That understanding is precisely what makes her such a radical departure within the Scream mythology, which had previously framed its killers through lenses of resentment, abandonment, or familial rupture. Jill is the first Ghostface who fully grasps that suffering no longer needs to be accidental or externally imposed in order to be meaningful. It does not have to be endured quietly, privately, or stumbled into by chance in order to carry cultural weight. Instead, it can be deliberately staged, carefully curated and edited, and ultimately leveraged as a form of narrative capital. When she observes that people are now famous for “fucked up things happening to them,” she is not spiraling emotionally, lashing out, or indulging in cynicism for its own sake. She is articulating a clear structural shift in how fame operates. In Jill’s worldview, pain ceases to function as a purely personal burden and instead becomes a public resource, one that can be mobilized for recognition, sympathy, and sustained relevance. Attention becomes the end goal, and once secured, that attention hardens into identity, cultural importance, and a sense of permanence that outlasts any individual act of violence. This logic is inseparable from her fixation on Sidney Prescott, who functions less as a cousin or rival than as a living case study in the conversion of trauma into cultural mythology. Jill does not see Sidney as a moral exemplar or as a symbol of resilience forged through suffering. She sees her as proof of concept. Sidney’s survival of three separate murder sprees did more than preserve her life because it transformed her into what Jill explicitly calls a “worldwide sensation.” That phrasing is deeply revealing because Jill understands that Sidney’s trauma did not remain local or shortlived, but instead scaled outward into the public imagination. It resulted in a slew of books, Diane Sawyer interviews, televised appearances, and ultimately an entire schlocky slasher franchise that reproduced Sidney’s pain as consumable narrative.",analysis,Reasoning or interpretation is the main substance of the text.,https://www.reddit.com/r/TrueFilm/comments/1pwqcfk/famous_for_fucked_up_things_why_jill_roberts/,post,reviewed,Kept original label after QC/spot-check
"Unpacking the religious symbolisms and deeper character tropes in Andrei Tarkovsky's ""The Sacrifice"" (1986)

***“Every gift involves a sacrifice, if not, what kind of gift would that be?”*** If there's any director such that I want to take a long break between watching two of their films, it's Andrei Tarkovsky, just because of how insanely layered each one of it is and how much it lingers with me. There's simply too much material to unpack with each and my mind was flooded with so many thoughts and interpretations the first time I saw films like *Stalker* & *Solaris*. This film is no different. I just admire his ability to weave together some beautiful messaging amidst visuals that are just as breath-takingly beautiful. **The Religious themes of Sacrifice** I think this is the most spiritual Tarkovsky movie I've seen so far, even more so than *Andrei Rublev*. Compared to ""Spiritual"", ""Religious"" would be the more apt term. The film is so explicit with it's Christian Imagery, while some of it existed on *Stalker*, albeit hidden, on Sacrifice it's as naked as ever. One could straightaway tell that the name ""Maria"" for the maid character was going to be significant with religious symbolism behind her, especially during the scene where she broke 4th wall & tells us that she's gonna arrange the ""Plates, candles & wine"" in the house, it screamed Christianity. It's crazy how many damn times Tarkovsky shows you the ""Adoration of the magi"" potrait by Leonardo da vinci. I counted 5-6 seperate times. Tarkovsky did so because that painting is the ultimate summary of everything this film is trying to convey. He begun the whole thing by showing you this painting as the credits roll even before the actual movie begins. **""Adoration of a magi""** is a painting by Leonardo da Vinci in the 15th century which shows 3 different kings offering earthly pleasures (such as Gold) to an infant Jesus, held by his mother Mary (who is equivalent to the Maria character in this film). Although the kings have royal status and may have accomplished so much in their lives, they bow down with so much humility to the divine presence of Jesus, willing to ""sacrifice"" their earthly pleasures for divine acceptance. This paragraph I just typed is the CRUX of this film. I loved how Alexander finally made the decision to sacrifice by going to Maria's house and the first thing he sees outside the house is a bunch of lambs. Lambs are a symbol of Sacrifice even outside biblical context at this point, like on the phrase ""sacrificial lamb"" **Does Sacrifice contain Anti-War messaging?** I don't think this film is **primarily** Anti-War at all, atleast that's my key takeaway from it. It can be considered one but it just uses ""war"" to represent a crisis, almost as if the film is set in a near apocalyptic world and Christ is gonna come back down any second now with it's claustrophobic setting, gloomy lighting and focus on an isolated home. As if humanity has almost destroyed itself and one such example for self destruction of humanity is WAR. In this time of immense crisis, Alexander turns towards his faith in God, decides to re-grow the same, while all the other inmates of his house go towards a different opposite direction. The war is not meant to be taken literally but rather used here to show two groups of people who react in two different ways in times of such crisis. We'll see what Alexander does vs. What the other people do....",analysis,Reasoning or interpretation is the main substance of the text.,https://www.reddit.com/r/TrueFilm/comments/1nru8mz/unpacking_the_religious_symbolisms_and_deeper/,post,reviewed,Kept original label after QC/spot-check
"Iphigenia (1977), Sovereign Power, and Nuclear War

Writer-director Michael Cacoyannis is responsible for arguably the most famous Greek film, 1964's *Zorba the Greek*. In 1977, he directed an adaptation of the Greek tragedy *Iphigenia.* The film is equal parts scuzzy and mannered in a way that immediately sets it apart from Anglophone historical epics of the same era, assuming the Greek dialogue didn’t already immediately do that. On the one hand, it’s slightly irritating how much of modern and contemporary Greek cultural production is reheating leftovers from 2500+ years ago—one of the reasons [I’m fond of the so-called 'Weird Wave'](https://letterboxd.com/littlegravitas/list/greek-weird-wave/) by contrast. On the other hand, stories like *Iphigenia* are nearly timeless. This is less a statement of shallow classicism than an acknowledgment that attrition has a tendency to scrub lesser tales from the historical record. This one resonates because it’s a tale of sovereign power that is as old as class society itself—the notion that a ruler who decides matters of life and death ought to symbolically visit some of that power upon themselves before decreeing it for their subjects. Here, this takes the form of Artemis cursing King Agamemnon. For Artemis to return the wind that will launch a thousand ships towards Troy, he must sacrifice Iphigenia, his eldest daughter. For a modern version of the same conceit, look no further than Roger Fisher’s infamous modest proposal to modify the nuclear football. Instead of containing the launch codes outright, the aide’s attache case would contain a heavy butcher knife and a microfiche reader. The president would then have to hack the microfiche capsule with the codes out of their aide’s chest cavity. Criticizing such a proposal as medieval would be grotesquely missing the point, not to mention missing the mark by over a thousand years. What’s conspicuous about both scenarios is that they aren’t technically fatalistic. In a myth like Oedipus Rex, for instance, there is no alternative path. No matter which direction Oedipus travels, every step taken is one closer to murdering his father and marrying his mother. Meanwhile, Agamemnon and the hypothetical president have a choice: kill one to set in motion the slaughter of many or find a way to give peace a chance. Queen Clytemnestra, the film’s smartest character, is given its best monologue when she clarifies this insanity in no uncertain terms. Of course the choice sounds ridiculous when put like that—ordering thousands of your finest men to pillage, rape, kill, and be killed in order to rescue one woman who chose to elope with Paris of Troy more-or-less of her own free will. Nuclear war sounds even more ridiculous when put in similar language. On top of the inhuman illogic of actually following through with mutually-assured destruction, Fisher wryly recounted, “when I suggested this to friends in the Pentagon they said, ‘My God, that's terrible. Having to kill someone would distort the President's judgment. He might never push the button.’” Taken in this light, it’s notable that Princess Iphigenia resigns herself to her fate not because she finds her sacrifice fair and just but because to resist would be against the democratic will of the soldiers and would consign additional innocents (her mother, their handmaidens, Theseus) to death. The lust for war is transposed from the sovereign to the *demos*.",analysis,Reasoning or interpretation is the main substance of the text.,https://www.reddit.com/r/TrueFilm/comments/1lm4rru/iphigenia_1977_sovereign_power_and_nuclear_war/,post,reviewed,Kept original label after QC/spot-check
"Weapons, The Home and ghosts from the past

There’s a particular kind of horror that comes from the suspicion that history itself is a predator. That the past, instead of fading gracefully, lingers like a hungry ghost, feeding on whatever comes after it. Two horror films released this year, Weapons and The Home, tap directly into that fear. They imagine older generations literally siphoning youth to prolong their own lives, turning basements and locked floors into metaphors for a society where the 20th century refuses to die, and where the future is forced to bleed so the past can go on breathing. It’s not exactly a new concept in horror. We’ve seen vampires, witches, and all sorts of supernatural parasites before. But what makes these films feel so relevant right now is how they tap into a very modern anxiety: the feeling that the 20th century just won’t let go, and it’s slowly draining away our future. Weapons is definitely the stronger of the two films. Its fractured storytelling and careful use of symbols give real weight to what it’s trying to say, while The Home sometimes gets a bit too obvious with its anti-old-people imagery. But thematically, they’re singing the same tune. Both use hidden spaces (a basement here, a forbidden fourth floor there) to show how youth becomes both a resource to be consumed and a force that can fight back. What’s fascinating about both films is how they use symbols to tell their story. In Weapons, Aunt Gladys collects hair, toys, and name cards—all these little pieces of childhood identity—and turns them into weapons of control. Things that should represent life and individuality become tools of domination. In The Home, that sealed-off fourth floor becomes a symbol of hidden truth, like the building itself is keeping a terrible secret. This reminds me of what Roland Barthes wrote about how myths work—they make power structures seem natural and inevitable. These basement spaces and locked floors are myths of repression, places where the past secretly feeds on the future while pretending everything’s normal. There’s something philosophically haunting about these films that connects to Walter Benjamin’s idea of history as wreckage that gets carried forward. Progress doesn’t clean up after itself—it drags all the ruins along behind it. Aunt Gladys is literally that wreckage made flesh. She should be dead, but history refuses to pass quietly. It demands to stay alive by draining vitality from the living. Nietzsche’s concept of “eternal recurrence” lurks in the background too—the terrifying possibility that destructive patterns just keep coming back because we’re too afraid to let them truly die. Think about fascism, authoritarianism, ecological collapse. These films make that abstract fear physical: the parasitic old order literally sucks the life out of young people, creating a cycle that can only be broken from within. From a psychological angle, Ernest Becker’s insights about death denial are crucial here. In The Denial of Death, Becker argued that entire cultures build elaborate defenses against mortality. Gladys and the retirement home in these films institutionalize that defense by consuming youth to avoid facing their own endings. It’s like Freud’s death drive turned inside out—their desperate pursuit of survival just produces more destruction. Gladys literally freezes children in catatonic states, stopping life from moving forward.",analysis,Reasoning or interpretation is the main substance of the text.,https://www.reddit.com/r/TrueFilm/comments/1nstxx6/weapons_the_home_and_ghosts_from_the_past/,post,reviewed,Kept original label after QC/spot-check
"Fort-Da: Madoka Rebellion, Homura, and the Freudian Death Drive

I've already posted about Puella Magi Madoka Magica: The Movie Part III (""Rebellion"") in the r/MadokaMagica subreddit, but I wanted to post in r/TrueFilm as well, because although anime movies don't usually see much play here (outside of those by Kon or Miyazaki), I think this one is actually really good! Of course, anime is not always the most subtle, but I still think Rebellion is doing some interesting things both thematically and formally that are worth talking about. That said, I suspect (sadly) that most people here have not seen Rebellion, much less Madoka Magica. If that includes you, you're missing out! Yes, even as it grows in popularity, anime's forms are still noticeably different from much of Western film media; that's perhaps doubly true for the magical girl genre. But to paraphrase Remy the rat: not every art is great, but great art can come from anywhere. And Madoka Magica--Rebellion in particular--is great art. You just have to be open to it. Anyways, to state the obvious, the following will be completely nonsensical if you don't know anything about Madoka Magica (that's on you). It might very well be nonsensical even if you do (that's on me). Alas. **1.** The Freudian Death Drive is the compulsion to repeat, a self-undermining cycle that arises because the enjoyment of the love-object's presence first requires the trauma of the love-object's absence. Put another way, enjoyment is found in the *chase,* which is why, for example, Wile E. Coyote always buys his jetpacks from Acme, even though he knows those jetpacks will inevitably fail just before he catches the Road Runner. If he were to actually *catch* the Road Runner, his story would end. \[[Coyote uses object a(cme) to miss the Bird.](https://imgur.com/SoEBMek)\] **2.** One example Freud gives of working through the Death Drive is [the Fort-Da game](https://www.reddit.com/r/MadokaMagica/comments/16i3hxo/rebellion_homuras_game_fort_da/) that his young grandson plays with a bobbin--a spool of thread that can be thrown away (made absent) so that it can then be recalled (made present). Critically, his grandson doesn't enjoy simply *having* the bobbin, he enjoys *reacquiring* it, which is why he repeatedly throws it away, allowing the game to continue. Moreover, what the game actually establishes is the grandson's freedom *from* the bobbin (i.e., the mother/primordial love-object), kickstarting both his independence (that is, his *subjective existence*) and his desire (here, for the bobbin as a *substitute* for the mother). \[[The bobbin! Note, the dolls are also chanting ""fort-da,"" in case you thought anime was subtle.](https://imgur.com/N1hhFay)\] **3.** Because the function of the Drive is to keep the game going, to sustain the chase, the object of our desire is constantly shifting, constantly being replaced. Every year, I buy a new smartphone because I mistakenly believe that the marginally better camera, or faster processor, or bigger screen, will finally make me happy. Every year I'm ultimately disappointed. But that feeling of disappointment is actually the act of throwing the bobbin--it sets the stage for the next year-long wait, the buildup of anticipation, and the fleeting thrill I'll get when I turn on next year's phone for the first time, only to find that even the latest-generation AI filters can't fix my selfies. Disappointment ensures that I keep desiring.",analysis,Reasoning or interpretation is the main substance of the text.,https://www.reddit.com/r/TrueFilm/comments/1jjib2k/fortda_madoka_rebellion_homura_and_the_freudian/,post,reviewed,Kept original label after QC/spot-check
"Sorry, Baby vs. Manchester by the Sea

*Sorry, Baby* is written and directed by Eva Victor, who also plays the lead role of Agnes. I found the film to be quite well-made overall. The direction and editing seemed very professional and served the story well. The story is told with flashbacks, which I'm kind of getting tired of in general, but it was executed well enough here. The film, to me, plays like a Gen Z version of *Manchester by the Sea*. *Manchester* was written and directed by Kenneth Lonergan, who is 32 years older than Eva Victor. Both films are set in a sleepy and cold New England town. Both films have protagonists who are troubled by their past trauma. After her traumatic event, Agnes goes through her life like a helpless child, and is largely treated with kid gloves by those around her. In *Manchester by the Sea*, Casey Affleck's Lee is more antisocial, with bursts of rage and violence as he deals with his past. Many of the characters in *Sorry, Baby* seem socially and emotionally stuck in a prolonged adolescence, especially Agnes, in a way that seems almost typical for Gen Z. When a friend shares the news that they are buying a house, Agnes is awed that the friend is achieving a mark of adulthood (at age 28). Agnes seems not to understand many basic life skills (for example, lighter fluid) or how the world works in general (she was especially bewildered by her jury duty obligations). She seems completely oblivious to the danger of being alone with her academic advisor in his home, and in her retelling of the incident, unaware of what was about to happen despite clear predatory behavior by the advisor. From my perspective, Agnes seems to see the world more like a 14-year-old than a 28-year-old. Her manner of speaking is almost autistic sometimes, and much of the dialogue seems lifted straight from a Yorgos Lanthimos film. It might seem like I'm being critical of the film, but I think the absurdity of Agnes and other characters was quite funny, and it really showed how some things in life really are absurd. In another reference to Gen Z ideas, one of the subplots involves a friend who realized she is gay, marries a person who uses ""they/them"" pronouns, and because both spouses are apparently female, chooses to become pregnant with a donor sperm via IVF. This is all presented as a completely normal course of events, which, if you are Gen Z, might seem perfectly normal indeed. In fact, you may wonder why I would even mention it. I only mention it because outside of a very-online population of people, this situation would seem unusual or noteworthy in some way, especially in the small town where the movie is set. In the film, however, there is no acknowledgement of it being outside of social norms by any character. I believe that is because the characters in *Sorry, Baby* are socially isolated from the larger world. I wonder if this was intentional or not from the director, who apparently came to fame by making short form videos on twitter. The characters in *Sorry, Baby* view institutions as strange. From the college administrators, to the doctors, to the court staff, the people in these roles seem alien and/or adversarial. In contrast, *Manchester by the Sea* shows the police, doctors, lawyers, etc. as regular people who try their best, but make mistakes. Again, I think this highlights the differences between generations and how younger people distrust institutions.",analysis,Reasoning or interpretation is the main substance of the text.,https://www.reddit.com/r/TrueFilm/comments/1nnx83v/sorry_baby_vs_manchester_by_the_sea/,post,reviewed,Kept original label after QC/spot-check
"The Death of Robin Hood- Breaking Dichotomy

I connected to this movie in so many ways. I thought it was a beautiful and brutal destruction of multiple dichotomies. In direct and subtle ways it continually asks questions like- Is this myth or reality? Is this character good or bad? Is this sacred or profane? Is this vengeance or forgiveness? And then slowly answers them with “yes”. Instead of choosing between what appear to be two mutually exclusive options it demonstrates how opposing states intersect, exist in conversation with each other and eventually converge. Interpretation of any movie is highly subjective, and I don’t believe there is a right or wrong way to have an experience with a film. But I did find myself a bit disoriented when the movie ended and the people in my group reacted so differently than I did. I am used to different interpretations, and enjoy talking about a movie I just watched just as much, if not more, than the actual experience some times. However the reactions of the people I watched it with, as well as most of the responses to the movie I read online felt like more than just different interpretations. I got the sense that I had watched an entirely different movie than most people. I have been trying to understand the reasons behind that. Part of that seems to be the complexity of the themes. The narrative and messaging in this movie live in ambiguity, and that is not the norm. The film is also extremely performance driven. So much of the story being told and the relationships within that story are communicated non verbally. The dialogue often feels more like a confirmation of ideas and feelings that have already been communicated than the communication itself. And it is a story told in large part in visual and symbolic language. And I was raised with a lot of symbolic language. And language is neutral. The ability to communicate in one form or another doesn’t make anyone superior or inferior to someone that doesn’t. But I can see how someone watching the film who isn’t fluent in that language could have been bored or confused. Not because it was in a different language, but because it would have been similar to watching a largely silent movie. I would love to discuss any of the ideas in the comments and hear how other people received the movie. And anyone who wants to dive into the symbols with me is more than welcome.",analysis,Reasoning or interpretation is the main substance of the text.,https://www.reddit.com/r/TrueFilm/comments/1uh3jrs/the_death_of_robin_hood_breaking_dichotomy/,post,reviewed,Kept original label after QC/spot-check
"Why The Rock's very first feature film ""The Scorpion King"" is his best film and is also a triumphant B-Movie .

We've living in a movie era where the running joke is how The Rock is a homogenous character ""who is same person in every movie"". As true as that may be, because of him oversaturating the market with his movies his 2002 debut feature film has been understandably forgotten. It was a novelty when it had come out because he was at the height of his wrestling career & it was fun seeing the most popular wrestler in the world finally get his own movie. The SK franchise eventually ended up spawning numerous straight to DVD sequels, a typical a sign of quality decline. Fast forward two decades later and I saw it again for the first time since and I was so stunned at how well its aged and how meticulously crafted its production values were, in more ways than one. This sword & sandal movie, along with swashbucklers ""The Mask of Zorro"" & ""Curse of the Black Pearl"" was one of the last of its kind of that era that did things practically & as grounded as possible. To get the most obvious thing out of the way first, The Rock inhabits the persona of the Scorpion King well. Of course he did, he had been playing a version of him on TV so it was an easy transition to do the same in a movie. The set design is great. Apparently they shot the whole film in the American West a familiar cinematic landscape and yet I never could tell it was shot in the United States at first glance because all of the window dressing does make it look like some ancient Middle Eastern setting. The nomadic tents & walls of streets and walls of Gomorrah, the main city of the movie look real and although CGI is obviously used the sets hide any digital cosmetics well. However the main praise I wanted to get to was the fight choreography and editing. The editing is legitimately outstanding and if it were any other genre of film would've gotten a least a nomination at during award season. I'm dead serious. There is a whole sequence in the movie where The Rock is being chased and is outnumbered. He escapes into a desert cave during a sandstorm and to even the odds silently takes out the enemies who outnumber him using the hidden passage ways of the cave to sneak around. It's a brilliant sequence that is captured so well it always makes visual sense even if we can't always see him move around. It's one of those movie moments that are ripped out of the best Indian Jones pictures. But the crowning achievement of it all is the finale. The Rock has to storm the fortress walls make it past the guards and kill the bad guy. Pretty cliché stuff for a movie, and somehow because of all the production the choreography, editing, framing, cinematography, to borrow the phrase ""Its better than it has any right to be"". The finale involves the Rock fighting off our villain who has flaming swords and is surrounded by deadly cobras. I really couldn't believe it when the camera, with surgical precision, captures the fluid movement of our hero's sword and follow its swing with every block and cut. The Rock blocks some killed blows and then has to decapitate a deadly snake to his left and miraculously , thanks to the editing, it flows so well and so logically that it boggled my mind how painstakingly difficult it was to make it look like that. It's editing that is on par with Mad Max Fury Road for an action movie.",analysis,Reasoning or interpretation is the main substance of the text.,https://www.reddit.com/r/TrueFilm/comments/1jic7n2/why_the_rocks_very_first_feature_film_the/,post,reviewed,Kept original label after QC/spot-check
"## Fantastic Beasts and Where to Find Them (2016) - First of all, I really love the technical aspects — the cinematography, the smooth editing, the fantastic visual effects, and the amazing sound design. It’s such a cinematic experience! I also like the characters. They’re played by great actors, and I think Eddie Redmayne (as Newt Scamander) is perfect for the role. Newt is such a weird character in the best way, and he really brings something unique to the movie. I also love the scenes with Credence Barebone, especially >!Henry Shaw Jr.’s death and the final battle. So brutal and intense!!< ## How to Train Your Dragon: The Hidden World (2019) - I don’t think the story is as strong as in the previous movies. It takes a while before things really start happening, and the plot doesn’t feel that fresh, especially with >!the antagonist Grimmel, who doesn’t leave as much of an impact as Drago from How to Train Your Dragon 2 (2014).!< But the movie’s real strength lies in >!the bond between the protagonist Hiccup and his pet Toothless. Their relationship is so deep and emotional because it completely grabs your heart. It’s honestly impossible not to tear up. So beautiful! Especially in the third act, which is one of the best sequences in the entire series. That part alone is a 10/10, making it one of the endings ever in an animation movie.!< ## Star Wars: The Last Jedi (2017) - The story >!dives deeper into the protagonist Rey’s mind, exploring themes like identity and truth, while the outer plot focuses on the Resistance escaping the First Order’s pursuit before total destruction.!< The movie has its flaws, where pacing is one of them, but >!the moment I’d personally change is Finn’s sacrifice attempt. The ram cannon threatening the Resistance base on Crait is clearly the biggest danger, and Finn’s decision to fly straight into it feels like a powerful turning point. The scene is intense: his speeder melts under the cannon’s beam, the music by composer John Williams swells, and it feels like a true heroic moment until his allied Rose crashes into him and stops it. I get her point about “saving what we love, not fighting what we hate,” but I honestly think Finn’s sacrifice would’ve made for a more emotional and impactful climax. It was a missed opportunity for a darker, more meaningful moment.!< That said, there are more good scenes than bad ones. My favorite is >!Vice Admiral Holdo’s hyperspace sacrifice because it’s such a jaw-dropping moment and one of the best in the franchise, in my opinion. Other standouts include Rey’s mirror scene, the face-off with Snoke, and her lifting the rocks.!< The humor is great too, adding charm and keeping things fun throughout. On the technical side, the movie is stunning. The visuals are gorgeous, the CGI is top-notch, and the cinematography, editing, and score are all amazing. Overall, it’s an engaging, bold, and worthy addition to the Star Wars universe. ## Star Wars: The Rise of Skywalker (2019) - I’ve seen it three times now. It definitely has its flaws — some of them pretty unnecessary — and honestly, it doesn’t have much excuse considering the legacy of the well-made Star Wars movies before it. But you know what? It’s starting to grow on me. The flaws don’t bother me as much anymore. It’s still Star Wars, and even though it’s far from perfect, it has a lot to offer — especially >!the dynamic between the protagonist Rey and her nemesis Kylo Ren!<, the visuals, and the score.",analysis,Reasoning or interpretation is the main substance of the text.,https://www.reddit.com/r/TrueFilm/comments/1lngr43/what_have_you_been_watching_week_of_june_29_2025/n0nxu1j/,comment,reviewed,Kept original label after QC/spot-check
"I think this is a massive stretch. I don't think Sammie ""going through hell"" is remotely analogous to *Inferno*. If it was, then any film where the protagonist has a hard time could be said to be inspired by Dante. In fact, in the poem, Dante doesn't particularly suffer at all - he's taken through Hell as a tourist, not as one of its victims. It's not a particularly pleasant experience for him, but unlike Sammie, he comes out of it unscathed. Even disregarding that, I don't think the structure of *Sinners* matches *Inferno* anyway. Much of the film is dedicated to setting the scene, and then to the party at the club. Up until the vampires arrive, the club itself is painted in an almost utopian light, and a lot of people have written already about how Coogler juxtaposes the vampires' false promises of belonging and community with the real sense of belonging that comes with being part of a genuine human community. A film mirroring the structure of *Inferno* would feature a slow but steady descent into worse and worse horrors; the horrors in *Sinners* arrive as a sudden eruption into the narrative. I don't have the energy to get into the supposed parallels you see between *Sinners* and *The Odyssey*, but I don't think they hold water. They are surface similarities at most, and in some cases not even that. I do think the connection you have identified between the Smokestack twins and the biblical prophets Elijah and Elisha is interesting - particularly given that one ascended to heaven and the other stayed behind. That may well not be a coincidence, although in the Bible, Elisha remains on Earth as a prophet and continues to perform miracles, which seems far removed from Stack remaining on Earth as a vampire. Your only other arguments in favour of *Sinners* being based on *Inferno* are: • Both stories have socio-political relevance, and, • Both stories engage with classic texts. That's even more of a stretch. Most art either has or aims to have relevance to the issues of the day on the time it was created, and all art (intentionally or otherwise) exists in dialogue with other art. That's like saying ""these stories are similar because they were both communicated through the medium of language"".",analysis,Reasoning or interpretation is the main substance of the text.,https://www.reddit.com/r/TrueFilm/comments/1loh8a8/sinners_movie_is_an_adaptation_of_dantes_inferno/n0nk7ew/,comment,reviewed,Kept original label after QC/spot-check
"First Time Doing a Scene Analysis—Looking for Feedback! (The Little Prince 2015)

Hey everyone, first time posting here. This is my first time doing an in-depth cinematic analysis, and I want to make sure I’m doing it right. *The Little Prince* is one of my favorite books and movies, and this class has been one of the few where I’ve been completely absorbed in the content. So, I want to do this justice. I’m analyzing four key scenes from the 2015 stop-motion/CG hybrid adaptation, focusing on shot composition, camera work, and animation choices. I’ve broken them down below, but I’d love feedback on anything I’ve missed! # [1. The Little Girl Meets the Aviator (Backyard Scene)](https://streamable.com/uzti89) * **Point-of-View (POV) Implication:** The Little Girl looks out the window; we don’t see what she sees immediately, creating intrigue through implied POV. * **Bird’s-Eye View:** As she moves the plant covering the broken fence, we get an overhead shot, emphasizing her discovery. * **Zoom-In (Hidden Perspective):** The camera zooms in from behind the hedge as she steps onto the fence, subtly guiding the viewer’s focus. * **Tracking Shot (Low Angle to Standing Motion):** As she crawls through and stands up, the camera follows her movement, maintaining an immersive perspective. * **Medium Shot & Semi-High Angle:** She stands by the plane’s tail while we see the Aviator from behind, working on the seat—his face hidden, maintaining mystery. * **Reaction Shot & Sudden Motion:** The Aviator hears her, gets startled, and the parachute pops out, causing a quick reaction shot of the girl falling. * **POV Shot (Parachute Fall):** We see the parachute falling from her perspective, immersing the viewer in her viewpoint. * **Two-Shot (Parachute Scene):** The camera pulls back to frame both characters under the parachute, visually establishing their shared space. * **Over-the-Shoulder Shot:** The Aviator’s shoulder frames the girl as she hands him the drawing, maintaining visual hierarchy. * **Tracking Shot (Standing Motion Again):** As she stands up, the camera follows her motion, reinforcing the natural flow of movement. # [2. The Little Prince Meets the Aviator](https://streamable.com/jun0eg) * **Wide Shot (Establishing Shot):** Introduces the desert landscape, emphasizing the vast emptiness surrounding them. * **Two-Shot (Mid-Shot):** Frames both characters in the same space, highlighting their growing connection. * **Low-Angle Shots:** Make the Aviator appear larger and more mysterious to the Little Prince. * **Soft, Warm Lighting:** Creates a nostalgic and inviting atmosphere, reinforcing the theme of childhood wonder. * **Stop-Motion Aesthetic:** Adds a handcrafted, storybook feel, making the meeting feel like a fable coming to life. # [3. The Little Prince and the Fox (Taming Scene)](https://streamable.com/hs18vm) * **Close-Ups on Facial Expressions:** Capture the emotional weight of their bond forming. * **Soft Focus & Depth of Field:** Blurs the background, keeping attention on the characters and their connection. * **Slow Camera Movements:** Give a calm, poetic feel to the scene, mirroring the patience required for taming. * **Natural, Warm Lighting:** Mimics golden hour, reinforcing themes of warmth and emotional depth. * **Stop-Motion Texture:** The Fox’s fur and the Little Prince’s scarf move subtly, making the characters feel more alive.",analysis,Reasoning or interpretation is the main substance of the text.,https://www.reddit.com/r/TrueFilm/comments/1jodjt0/first_time_doing_a_scene_analysislooking_for/,post,reviewed,Kept original label after QC/spot-check
"Superman (2025): A technically flawless film that betrays the moral core of the archetype.

I’ve been dissecting James Gunn’s Superman recently. Visually, it is impeccable. The cinematography by Henry Braham is dazzling, the VFX are grounded, and David Corenswet is a perfect casting choice. However, beneath the aesthetic polish, I argue the film fundamentally misunderstands the archetype it aims to celebrate. The central problem, to me, is what I’d call **Light Without Conscience**. Superman is not merely a hero; he is a moral anomaly. He is absolute power that chooses, moment by moment, to limit itself. He does not act good because he is naive; he acts good because he understands that the alternative is tyranny. Gunn’s film seems to replace this active choice with passive aesthetics. Here are three structural failures that undermine the film: **1. Passive Complicity in Violence** The film introduces the ""Justice Gang"" who execute enemies casually. Crucially, Superman never effectively opposes them. He saves a squirrel during a battle but allows a sentient, giant alien creature—likely manipulated—to be blown to pieces by his allies without imposing his will. In the comic tradition (especially Grant Morrison’s All-Star Superman), Superman’s morality bends the world around him. Here, he merely inhabits it. **2. The ""Misfit"" Fallacy** James Gunn is a master at writing misfits seeking redemption. He projects this poetics onto Superman, but the archetype rejects it. Superman is not a misfit trying to find his way; he is a moral constant who must choose not to fall. Treating him like a quirky underdog flattens the specific tragedy of his character: the burden of knowing exactly what to do in an imperfect world. **3. Lois Lane as the Moral Proxy** Paradoxically, the film offloads the ethical heavy lifting to Lois Lane. She becomes the conscience of the story. While this gives agency to Lois, it reduces Superman to mere muscle. If the human journalist has to explain the weight of life to the god-like hero, the hero ceases to be an archetype. **Conclusion** We are left with a Superman who looks perfect but acts like a generic action hero. Hope is treated as a special effect rather than a heavy moral responsibility. I’m genuinely interested in the community's perspective: **Did you perceive this shift from ethics to aesthetics? Or do you see this ""lighter"" moral touch as a necessary evolution for a modern audience?** *(This argument is distilled from a longer essay I wrote on the degradation of the Superman archetype. For those interested in the full analysis, it's here:* [https://medium.com/@Ruzzante/superman-2025-the-betrayed-archetype-145abcaa02ea](https://medium.com/@Ruzzante/superman-2025-the-betrayed-archetype-145abcaa02ea) ) *(Note: I viewed the film a while back, so if I’ve misremembered specific plot mechanics, feel free to correct me. My focus is on the thematic structure.)*",analysis,Reasoning or interpretation is the main substance of the text.,https://www.reddit.com/r/TrueFilm/comments/1pxlh1s/superman_2025_a_technically_flawless_film_that/,post,reviewed,Kept original label after QC/spot-check
"Reconsidering Casino Royale’s Legacy as a Bond Reboot

# Reconsidering *Casino Royale*’s Legacy as a Bond Reboot *Casino Royale* is overrated. This film is nothing but an overcorrection after *Die Another Day*. Uninspired, bleak, generic, ordinary. More importantly, it does not feel like a James Bond film in any way. I am not saying there are no moments in *Casino Royale* that work, but those sequences feel as though they were deliberately toned down. To be fair, I do not think *Casino Royale* and *Quantum of Solace* are as bleak as Craig’s *Skyfall* and *No Time to Die*. I am not even sure about the whole gritty-grounded label, because compared to *Bourne*, I question how gritty this film really is. But whatever happened in 2006, it feels as though someone hit a panic button: either we become *Die Another Day/Austin Powers*, or we become excessively grounded and self-serious. Whenever the film reaches a point where it needs to be even slightly more frivolous, it refuses to go there. For example, the neo-noir, *Sin City*-like moments at the beginning, and the camp and pulp atmosphere of those scenes, land quite well. You think, “There is a hard-edged and realistic, but still alive, vein here.” Likewise, the moment where Bond has to be brought back to life with a defibrillator was one of the few parts that managed to hold my attention because of the risk involved, despite all the pacing problems. But the rest of the film consists of cold, bureaucratic dialogue or Roger Moore-level winks that say, “Look how serious we are.” To me, there is no difference between breaking the fourth wall to say, “Look how campy and dandy we are,” and smashing that same fourth wall with a sledgehammer to say, “Look how serious we are.” This supposed seriousness directly damages the film’s narrative structure. The defense here will probably be, “But that plot comes from the novel.” That is exactly why films and books should be treated as separate things. Giving Fleming the status of high literature is already absurd, because Fleming was a pulp-fable writer regardless of whatever literary weight people now assign to his books. His aim was escapism. Moreover, in the novel, the MacGuffin, the money, does not end up in the villains’ hands, and Le Chiffre’s bankruptcy is certain. Giving Bond the additional loss of the money in the film has no structural logic whatsoever. This flaw in the screenplay leaves Bond operationally useless by the end of the film. By the time the whole thing is over, there is no clear and satisfying operational victory left for Bond, nothing that properly establishes him as a character. He stops the Skyfleet attack and beats Le Chiffre at poker, yes. But the script stubbornly keeps taking those achievements away from him or leaving them unresolved. The money he wins at poker slips through his fingers. He does not get away from Le Chiffre through his own initiative. He does not leave the torture chair of his own free will. Le Chiffre is not resolved as Bond’s own victory. Vesper dies. The money goes to Mr. White’s side, and it ends up feeling less like a payoff than a cheap sequel hook thrown in for the next film. The girl is dead, the money is gone, Bond settles into that grumpy-face mood for the next four films... and this is supposed to be a victory? Even the James Bond Theme playing at the end feels incredibly jarring. That theme should be a victory march, not trauma.",analysis,Reasoning or interpretation is the main substance of the text.,https://www.reddit.com/r/TrueFilm/comments/1uiglwx/reconsidering_casino_royales_legacy_as_a_bond/,post,reviewed,Kept original label after QC/spot-check
"Casino Royale Mistakes Trauma for a Bond Origin Story

I rewatched *Casino Royale* to test my arguments and see if the absolute obsession with this movie is actually justified. This movie is just a **massively overrated overcorrection** after *Die Another Day*. *Uninspired,* *dull, blank, generic, ordinary.* You can clearly see the *Batman Begins* and *Bourne* influences in the directing and tone. But this movie technically fails at what those films achieved in their writing. The whole historical narrative of *“Bourne and Batman happened, so Bond had to be like this”* completely falls apart here. Leaving Bond incompetent, lacking agency, and unsuccessful by the end of the film cannot be justified by *Batman* or *Bourne*. The usual defense is: *“But that’s the plot of the novel.”* This is exactly why movies and books should be separate, and why their plots should not be identical. Besides, in the book, the MacGuffin, the money, does not fall into the villains' hands, and Le Chiffre’s bankruptcy is absolute. Making Bond lose the money in the movie makes **zero structural sense.** Other than stopping the Skyfleet attack, Bond has no tangible success by the end of the movie: * He loses his poker winnings. * He does not save himself from the poisoning. * He does not escape the torture chair by his own agency. * He does not even finish off Le Chiffre himself. * Vesper dies. * The money goes to Mr. White. **The girl is dead, the money is gone, Bond adopts that grumpy-face mood for the next four movies... and this is supposed to be a victory?** Blasting the classic James Bond Theme at the end felt completely unearned. That theme should be a **victory march**, not a trauma soundtrack. In *Batman Begins*, Nolan deconstructs everything related to Batman down to Wayne Manor, but after his training, he still gives him a clear payoff to save Gotham. *Bourne* has a relentless, high-octane pace and kinetic grit. *Casino Royale*, however, completely fails to capture that kinetic energy and fast pace. It does not look like *Bourne*, it fails at *Batman*'s hero-building, and it lacks the classic Bond adventure mechanics. The foundation for the next four movies was laid right here. Even Bond stopping the Skyfleet attack feels less like a real hero's payoff and more like a mandatory plot device just so the story can continue. If they could, they would have made him fail throughout the entire movie just like in *Skyfall*, but they needed continuity for the plot. The dialogue between Vesper and Bond is a total disaster. They are just cold, lifeless psychological profiles disguised as smart writing. Moreover, their romantic relationship has neither romcom warmth nor an enemies-to-lovers witty banter. It is ice-cold, clinical, and far from having actual chemistry. Those who see this movie as a rejection of camp are kidding themselves, because this movie is camp through and through. It is just ashamed of it, so it forces itself to look serious. We call this **dry-camp** or **dry-wit**. When you strip away the larger-than-life and over-the-top spirit that camp needs and replace it with forced seriousness, you do not escape camp. You just look insecure, trying to suck up to critics. I have no problem with people who enjoy that approach. I disagree with the idea that removing those qualities automatically makes Bond more mature, serious, or better written. To me, it does not.",analysis,Reasoning or interpretation is the main substance of the text.,https://www.reddit.com/r/TrueFilm/comments/1ui1i3a/casino_royale_mistakes_trauma_for_a_bond_origin/,post,reviewed,Kept original label after QC/spot-check
"One Battle After Another’s post-modern take on activism and resistance

Already I’m seeing a lot of very surface-level reads on this film online, and I think it has a LOT more nuance to its examination of resistance and activism than many are giving it credit for. Yes, the film clearly shows how ridiculous white supremacist ideology in America is. Yes it features resistance groups taking a stand in one way or another. However, the film also deeply examines post-modern ideas of what it means to resist: ideas of self-serving, ego-driven resistance like the French 75 versus the community and compassion-driven resistance of Benicio and his Underground Railroad. Every member of the French 75 besides Bob and Regina Hall ends up either killed or turning on their fellow members to save their own interests. Jungle Pussy’s self-serving monologue is interrupted by Presidia getting trigger happy on a black police officer simply doing his job. This film has A LOT to say about the nuances of activism and properly directing one’s anger. Unironically PTA intentionally makes the French 75 vainglorious and reckless, ultimately accomplishing little. Contrast that with Sensei’s deep, systematic assistance of immigrants and you see the points the film is making about extremism versus community and compassion. It’s also a film about the post-modern, terminally online way many of us approach ideas of resistance and activism. The radio guy argues semantics and espouses “triggers” over proper procedure with Bob, ultimately getting in the way of previous time to actually make a difference in saving Willa. Characters are either woefully inept with modern technology or glued to their phones. A phone becomes a great point in contention on the safety and anonymity of a revolutionary family in hiding. Willa’s friend identifies as non-binary and an activist, but immediately sells her out when faced with the prospect of jail time. The film asks us to examine how much we are doing is actually beneficial to our fellow humans versus semantics for the sake of posturing. This is further compounded with the themes of parenthood and what it means to raise a child in the midst of political turbulence and activism. Bob begins to shift his focus towards Charlene after she is born, understanding he now has greater importance in his life than the French 75, while Presidia clings to self-serving ideals of independence and extremism. Bob turns to self-medicating with drugs and alcohol in his subsequent years of hiding with Willa (Charlene) after the pressure and paranoia of being on the run begin to compound the difficulties of being a single parent. Willa’s Safety and their shared anonymity become Bob’s priority, at the expense of his own well-being and the deeper relationship with his daughter. This is all brought about by his previous life of extremist activism versus more community-driven works. Overall I think One Battle After Another gives us a lot to consider about the state of America, how we interact with our fellow man, and how we approach trying to make the world a better place in our own ways, for better and for worse. These are themes we can apply to personal relationships and extrapolate all the way out towards our political approaches and how we practice them, in the real world and online. I’d love to hear your interpretation of the film and its ideas as well!",analysis,Reasoning or interpretation is the main substance of the text.,https://www.reddit.com/r/TrueFilm/comments/1ns396o/one_battle_after_anothers_postmodern_take_on/,post,reviewed,Kept original label after QC/spot-check
"What are some beautiful films that don't feel bleak and dark and depressing? What's the polar opposite, yet beautiful? I really need to get out of this negative headspace.

Think about your favourite films, it's pretty hard to stay away from the dark stuff, right? Or is it just me? I'm trying to divert from my usual patterns and maybe I'm just looking for something that's actually very rare. I like **beautiful** films that really **captivate** me - and unfortunately that's usually accomplished by them draining my soul (or at least nibbling on it a bit). I just like crushing and bleak stuff because it makes me feel something and that kinda sounds like self-harm now that I type it out. When I stumble upon positive and life-affirming stuff it's usually at least tinted in melancholy; and if it's just cute and happy, it's usually not as beautiful and artistic as I'd like it to be. It seems like film just thinks it has to be more earnest and heavy to be taken serious as art. Some of my favourites are: *Dead Man, Apocalypse Now, Biutiful, Lost In Translation, Léon: The Professional, Buffalo 66, Koyaanisqatsi, Lux Aeterna, Julien Donkey Boy, Grave of The Fireflies, Mandy, Antichrist, Mulholland Drive, A Woman Under The Influence, M, Last and First Men, Beau Travail...* Even the ones that don't put all emphasis on being crushing have very depressing backdrops or just take misery and death for granted and weave the plot around that. **Help me get away from Lars and Gaspar and all those other evil men.** Some more light hearted beautiful ones I could think of right now: Porco Rosso, The Fall, Samsara (2023), The Electrical Life of Louis Wain, Il Buco (which nobody has seen I think)... So yeah, also those aren't really feel good at all. I guess it's that contrast that fascinates me so often? Maybe it's cute animals and nature that could do the trick? Quirky stuff à la Wes Andersen and Taika Waititi tends to annoy me by the way. I like baby pigs and maybe would like to see life from their point of view. Tank you all!",discussion_question,Reasoning or interpretation is the main substance of the text.,https://www.reddit.com/r/TrueFilm/comments/1nttr90/what_are_some_beautiful_films_that_dont_feel/,post,reviewed,Relabeled during QC: analysis → discussion_question
"Infernal Affairs: A Far More Subtle Cat-and-Mouse Thriller in Comparison to The Departed

Got around to watching *Infernal Affairs* after hearing about it for some time. Knowing it was the film that inspired Scorsese's *The Departed*, I was interested to see how it tackled the same narrative and premise. After watching it, I have to say that while I still love *The Departed,* I do think *Infernal Affairs* is the superior version in terms of its approach to the cat-and-mouse conflict. Whereas *The Departed* established a clear cut hero and villain with Billy Costigan and Colin Sullivan, *Infernal Affairs* is less black and white, with Inspector Lau Kin Ming and Chen Wing Yan each having their own flaws and morals. In fact, Lau, despite being the gangster turned inspector, is humanized far more than Colin as he does find himself growing attached to the police. The complexity of Lau and Chen also succeeds thanks to the two great performances by Andy Lau and Tony Leung who are equally phenomenal with the subtly they give to their characters. I also think what makes the cat-and-mouse tale in *Infernal Affairs* more successful than *The Departed* is its subtle direction and style. The directors Wai Keung Lau and Alan Mak allow the narrative to breathe far more, relying less on heavy violence and more on character interactions while still having a dynamic style full of quick cuts, slow-mo, and rapid editing. The use of a light color palette also gives *Infernal Affairs* a very lo-fi aesthetic that gels well with the eye-catching cinematography. It's cool to see Christopher Doyle serve as the visual consultant here being familiar with his work with Wong Kar-Wai. Overall, I definitely enjoyed *Infernal Affairs*. Whereas *The Departed* focused far more on engaging the viewer with violence and grit, *Infernal Affairs* is all about the little moments. It's unfair to say whether one is better given they're vastly different in tackling the cat-and-mouse conflict, but I can say *Infernal Affairs* deserves more credit given it's rarely talked about alongside *The Departed*.",analysis,Reasoning or interpretation is the main substance of the text.,https://www.reddit.com/r/TrueFilm/comments/1ufk9ap/infernal_affairs_a_far_more_subtle_catandmouse/,post,reviewed,Kept original label after QC/spot-check
"In American Psycho, Patrick Bateman is one of the only normal characters

Let me establish, I’m not saying Patrick Bateman as a character is in anyway cool, exciting or redeemable. That’s not what this is about. However I find the movie as an obvious satire about American culture and capitalism itself. Many people say Bateman is a sociopath, but I completely disagree, he actually is one of the only human characters. He’s trying so hard to fit in and be apart of a yuppie culture that he clearly despises. Underneath the satire though there is a deep sadness. Bateman is constantly lashing out throughout the film, whether that be through his statements and paranoia, or his actual actions of violence. He comments about “wanting to fit in” to Reese Witherspoons character. This is why he listens to so much pop music, and he reads restaurant reviews. But later in the movie when questioned by the detective he actually admits he doesn’t like Huey Lewis and the news, they are too “black sounding” to him. Which I find to be more aligned with his real opinions. He likes Van Patton, the only one of his friends he actually respects. Van Patton with his slight unibrow and comments on Reagan stick out like a sore thumb amongst the rest of them. He doesn’t kill the character of Louis who is revealed to be gay and is clearly off kilter from the rest of them. He doesn’t kill his secretary because he finds a genuine feeling in his heart and states that he might hurt her if she stays. He seems to do this because she isn’t so caught up in all the yuppie culture and is an actual good person. Throughout the movie he kills people who he views as “expendable” like prostitutes, homeless people etc. people who he feels don’t have actual substance to them. This all leads up to his utter rage and subsequent killing of Paul Allen, who is the most stereotypical and unlikeable yuppie of them all. He hates who he is and what he represents. He hates the culture he is apart of, likely through his father’s standing in the company he works at. He was born into it but never fit in and tries his hardest to adjust, but he can’t. His killings are his insane ways of breaking out and trying to find some sort of catharsis. He even wants to be caught like when he calls his lawyer and admits to all his crimes and the mask slips of what/who he really is. There’s other characters who represent people struggling to adapt to the soulless lifestyle that has been created. The character named Courtney who he is sleeping with that is engaged to Louis, is constantly on drugs like lithium to cope, with shreds of humanity coming out like when she states in the car that “she wants to have a baby”. While it is a satire at its heart, I feel it’s one of the best representations of American capitalism and the lengths people go to fit in or gain some sort of “status”. It also represents how soul crushing and devoid of life it makes the people affected by it. You can see it as bad if not worse now with the rise of emotionless fake Influencers, or tech bros who unironically champion Bateman as a character. What do you all think?",analysis,Reasoning or interpretation is the main substance of the text.,https://www.reddit.com/r/TrueFilm/comments/1lkosol/in_american_psycho_patrick_bateman_is_one_of_the/,post,reviewed,Kept original label after QC/spot-check
"Stalker (1979) - My personal take

I managed to reach the age of 52 without ever having seen this movie. I finally caught up with it on a quiet afternoon off, while resting after donating blood. A very well-spent afternoon, I must say. After watching the film, here is my take on it (spoilers ahead): The three protagonists clearly move as three archetypes: Science for the Professor, Art for the Writer, and Faith for the Stalker. Art and science move forward driven by logic, profit, or intellectual ambition, while faith acts as a guide because it is the only one equipped to explore the soul. Yet, in front of the Room of Desires, everything comes to a halt. The threshold is insurmountable not due to a physical danger, but out of sheer terror of the truth: the Room does not grant what a person claims to want, but rather the deepest, most subconscious essence of their being. Porcupine's suicide is the definitive proof of this. The Room stripped him of his moral alibis and forced him to face his own truth—revealing that beneath his superficial altruism lay a gut-level selfishness that only desired wealth. However, the journey is by no means a failure. Contrary to what the Stalker believes, the Writer and the Professor undergo a genuine reality check and return from the Zone better than they entered. Choosing not to cross the threshold is their greatest act of maturity. The Writer drops his mask of destructive cynicism and accepts his own vulnerability; the Professor dismantles the bomb, relinquishing the scientific pretense of controlling or destroying what he cannot comprehend. They looked into the abyss, understood their limits, and chose silence and intellectual honesty over the arrogance of action. The one who truly emerges defeated from the experience is the Stalker himself, and this is where the film confronts the most tragic paradox of faith. From the very beginning, when we see him coldly closing the bedroom door—leaving his wife and sick daughter in the dark—we catch a glimpse of his deep-seated selfishness. The Stalker is a man blinded by his own dogma: he desperately seeks the miracle and the sacred in an alternate, abstract, and idealized place, becoming completely numb to the reality surrounding him. He *needs* humanity to be desperate and hopeless to justify his own mission and spiritual ego. When his companions refuse to enter, he collapses not out of compassion for them, but because he finds himself stripped of his role as a savior. Tarkovsky exposes this blindness through the family dynamics and the elements that invade the house in the final scenes: * **The Wife's Evolution:** The contrast between her desperate screams at the beginning and her immense dignity at the end reveals that she is the only true spiritual center of the film. She has walked through the pain, accepted her husband's obsessive nature, and chosen to stand by him anyway. In her final monologue, speaking directly to the audience, she describes a ""bitter happiness"" and embodies the only force that doesn't need the Zone to exist: unconditional love that shoulders the suffering of others. She doesn't need miracles because she creates the meaning of life every single day. * **The Telekinesis Scene:** The ending with little Monkey moving glasses with her mind, which might look like a cheap sci-fi gimmick at first glance, is actually a brilliant piece of visual irony.",analysis,Reasoning or interpretation is the main substance of the text.,https://www.reddit.com/r/TrueFilm/comments/1ucvbr5/stalker_1979_my_personal_take/,post,reviewed,Kept original label after QC/spot-check
"Ordet (1955) First Reformed (2017) make a fantastic double feature.

Before you read, if you haven't yet seen Ordet, please do so. I am not a skilled enough writer to convince you to do so, so I will leave a quote from Roger Ebert. ""When the film was over, I had plans. I could not carry them out. I went to bed. Not to sleep. To feel. To puzzle about what had happened to me. I had started by viewing a film that initially bored me. It had found its way into my soul. Even after the first half hour, I had little idea what power awaited me, but now I could see how those opening minutes had to be as they were. I have books about Dreyer on the shelf. I did not take them down. I taught a class based on the Schrader book, although I did not include “Ordet.” I did not open it to see what he had to say. Rosenbaum has written often about Dreyer, but when I quote him here, it is only things he has said to me. I did not want secondary information, analysis, context. The film stands utterly and fearlessly alone. Many viewers will turn away from it. Persevere. Go to it. It will not come to you."" **\*\*\*\*\*Major spoilers for both movies below\*\*\*\*\*** I was inspired to write this after reading an interview where Paul Schrader discussed First Reformed and mentioned that a particular scene was directly influenced by Ordet. For those wondering, the ending of First Reformed draws inspiration from the climax of Ordet. In Dreyer’s film, the emotional reunion between Mikkel and Inger after her miraculous resurrection profoundly influenced the final scene between Mary and Toller in First Reformed. Both moments capture an intense, almost transcendent expression of love, blurring the lines between reality and the spiritual. Both films grapple with themes of faith and doubt, exploring how belief endures—or falters—in the face of suffering and disillusionment. In Ordet, faith is discussed explicitly, particularly in the contrast between Morten Borgen, an aging patriarch holding onto his religious convictions, and his son Mikkel, a self-professed atheist. It also confronts religious ideology, contrasting Morten's and Peter's respective views on Christianity. The film directly confronts the idea that “miracles don’t happen anymore"", and tries to reason through that idea, culminating in the ending that manages to move me to tears every time I see it. First Reformed similarly interrogates faith, but in a more existential, contemporary context. Reverend Toller, struggles to reconcile his faith with an increasingly bleak world, as he is becoming increasingly consumed by environmentalism and the personal tragedy of his life. While Ordet culminates in an undeniable act of divine intervention, First Reformed leaves the nature of its ending ambiguous, leaving us to decide if Toller’s final experience is a miracle, a delusion, or something in between. Both films serve as meditative, deeply moving explorations of spirituality, loss, and the human need for meaning. Whether through Ordet's quiet affirmation of faith or First Reformed's descent into spiritual turmoil, they offer profound reflections on our relationship with belief in a world that often feels devoid of miracles. Watching Ordet, and then First Reformed, may be complete and utter emotional overload. You might not be able to function for the rest of the week, but for me, it was an experience I cherish.",analysis,Reasoning or interpretation is the main substance of the text.,https://www.reddit.com/r/TrueFilm/comments/1jm51xj/ordet_1955_first_reformed_2017_make_a_fantastic/,post,reviewed,Kept original label after QC/spot-check
"Shadows in the Garden of Eden: Why The Godfather Is Still the Ultimate American Tragedy

Before we see a single frame of violence, before we see the cat in the tuxedoed lap, we hear a line that haunts the entire runtime of the film: ""I believe in America."" It is spoken not in triumph, but in bitter desperation. When the undertaker Bonasera emerges from the darkness, his plea sets the stage for what is arguably the most profound critique of the American experiment ever committed to celluloid. *The Godfather* is often misremembered as merely a gangster film, a collection of quotable lines and violent set pieces. But at its heart, it is a political tragedy about what happens when the social contract breaks down, and when the bright promise of the rule of law fails to protect those living on the margins. The brilliance of Francis Ford Coppola’s masterpiece lies in how it frames the Corleone family not as an aberration of society, but as a necessary response to it. In the post-war America depicted in the film, the ""legitimate"" institutions—the courts, the police, the politicians—are presented as exclusive clubs for the WASP establishment. Justice is a commodity, available only to those with the right pedigree or the deepest pockets. When the courts suspend the sentences of the men who brutalized Bonasera’s daughter, the state has failed its primary duty. Into this vacuum steps Don Vito Corleone. He is not just a crime lord; he is a pre-modern monarch operating within a modern democracy. He offers an alternative judicial system, one based not on cold statutes but on ""friendship,"" loyalty, and the immediate, brutal rectification of grievances. Vito’s world is feudal, warm, and terrifyingly efficient, offering a sense of belonging that the cold machinery of American capitalism denies its immigrant children. However, the film’s true tragedy lies in the transition from Vito to Michael, a shift that mirrors the modernization of America itself. Vito represented a romanticized, almost Old World form of corruption—he had lines he wouldn't cross, such as the narcotics trade, because he understood that some profits cost too much social capital. Michael, the war hero who initially wanted nothing to do with the ""family business,"" represents the cold, rational efficiency of the modern corporation. His transformation is the film’s dark heart. When Michael kills Sollozzo and the police captain, he isn't just committing murder; he is shedding the illusion that the ""straight"" world is morally superior to the underworld. He realizes that the Senator and the Judge are just game players like his father, only hypocritical about it. This realization leads to the film’s most chilling sequence: the baptism. As Michael stands at the altar renouncing Satan, his hitmen are systematically wiping out his enemies across New York. It is the ultimate merger of the sacred and the profane, a visual declaration that in the pursuit of absolute power, the soul is merely collateral damage. By the time the door closes on Kay in the final shot, Michael has secured his family’s safety and dominance, but he has done so by becoming a solitary, icy figure, indistinguishable from the ruthless corporate titans he once despised. He wins the world but loses his humanity, proving that in a system driven by unchecked ambition, the only way to survive the shark tank is to become the biggest shark.",analysis,Reasoning or interpretation is the main substance of the text.,https://www.reddit.com/r/TrueFilm/comments/1py76mw/shadows_in_the_garden_of_eden_why_the_godfather/,post,reviewed,Kept original label after QC/spot-check
"A Personal Reflection On ""Close Encounters Of The Third Kind"".

Just recently, I started thinking about the film and how I feel it specifically captures something particularly intimate that I often have been in a lot of these days and I wanna talk about that. I know that there is controversy about the ending with Roy deciding to go with the aliens and leaving his family, which is portrayed as irresponsible and bad. The movie doesn't portray family in the best way. But to me, I think the film captures a very internal conflict that I personally think it's a real one that I felt often. This obsession that is almost hard to not want to indulge myself into. At first, I read this movie as being basically about faith. The rationalization of living with the belief that there is _something_ that we need to do and _something_ that we need to go to. _Something_ that you cannot just simply explain with words because it's purely instinctual and only a few individuals are only able to ""see"" it and in the end, they all come together to witness the biblical event which has been made to be a lie but in reality, it was always there and we just needed to get there by any means necessary. And this faith means giving up on everything you have to accomplish it. Your job. Your family. Your neighbors. Your home. Everything. To give in to it and go to the next life. And it's beautiful. That's what seems to be a pretty clear reading of it for me. I am myself am not religious. I am an atheist and I personally don't believe in any sort of ""next life"". I have my problems with religion but I do admit that I am very fascinated by the psychology of faith and spiritualism as a powerful force and concept to inspire people to find meaning and commiting to certain actions. It's a thing that is both incomprehensible and yet seductive to experience. I find films that completely lend themselves to this in all of its rawness to be so interesting and not always necessarily because they're necessarily meant to be seen as bad. I think seeing it as it feels for the movie and for the characters capture certain emotions that almost convince you to embrace it and through this, you almost understand they're so faithful even though of one's deep layers of skepticism. I do believe that it captures this extremely well through its epic aimlessness and the gorgeous cinematography of the landscapes that feel like they we're thought by the mind of a person who has romantic and almost childish image of the past in a narrative where the main appeal is the familiar image of science fiction. It's why I think it's probably the most interesting film Steven Spielberg has ever made. It's arguably his most personal film and the one where he is completely unapologetical of his sentimentality and child wonder. But I also felt something more about it that I think the movie captures. I am obsessed with films. I am obsessed with fiction. More than anything else. I love to watch it. I love to explore it. I love to think about it. And I love bringing it up to any conversation. It's something that almost never leaves my mind. When I am working. When I am talking to my friends and family. When I am just doing anything unrelated, I get these very strong intrusive thought about everything that I watched and what I got from it. All of these things that speak to me on a deeper level of my experiences and just how they kept me company in all of those times of isolation.",analysis,Reasoning or interpretation is the main substance of the text.,https://www.reddit.com/r/TrueFilm/comments/1jkdwgr/a_personal_reflection_on_close_encounters_of_the/,post,reviewed,Kept original label after QC/spot-check
"How to tell if the merit is of the imagery rests in the director of photography?

This is a ""sequel"" post to the one I made yesterday ( [https://www.reddit.com/r/TrueFilm/comments/1jl3a14/how\_can\_you\_tell\_about\_the\_quality\_of\_the\_editing/?utm\_source=share&utm\_medium=web3x&utm\_name=web3xcss&utm\_term=1&utm\_content=share\_button](https://www.reddit.com/r/TrueFilm/comments/1jl3a14/how_can_you_tell_about_the_quality_of_the_editing/?utm_source=share&utm_medium=web3x&utm_name=web3xcss&utm_term=1&utm_content=share_button) ) about editing, which was well received. Maybe I will do another one for other aspects of films. This time, the purpose is too know if the look of a movie depends on the director or if it depends on the director of photography (DP). A lot of directors have a particular look, that may remain constant even if they work with different DPs. And it can also be the case that the director works with the same DP in different movies with different visual styles. As a person with not a lot of knowledge of the backstage of filming, who's usually the ""boss"" in what respects to the look of the film? Does the director describes the feel he wants to transmit and the DP then has free reign to bring that vision to life? Or does the DP usually have a particular visual style and the director works with that in mind? Obviously, it depends on what film and director we are talking about. I will add a caveat: I'm more aware of a DPs work than of that of the editor, which is why I posed the question yesterday. I remember once that I could tell that a certain movie looked like Lubezki's work, for example. Still, it can be difficult to tell if their work doesn't look like that because of the director's guiding hand. And the opposite is true: maybe we consider that a particular director has a great eye for images while in reality is the DP who does most of the compositions. I understand that the question of merit is mostly irrelevant. My interest in posing these questions is to get rid of some of my ignorance about the work done in a film production, knowing how to appreciate more particular aspects of a film and being able to judge the different facets of a movie separately. In this case, it's particularly interesting since many films are as good as they are because of how they look. If a film appeal's rests on the visuals, isn't it fair to call it the DPs movie, in a way? Curious to hear your thoughts. Keep in mind when responding that I admit my ignorance, so no need to shove it in my face",discussion_question,Reasoning or interpretation is the main substance of the text.,https://www.reddit.com/r/TrueFilm/comments/1jlyid8/how_to_tell_if_the_merit_is_of_the_imagery_rests/,post,reviewed,Relabeled during QC: analysis → discussion_question
"The Hypocrisy of ‘Inclusive’ Moviegoers : Accepting Diversity Without the Accountability

Whenever there is a new character present in a new game or a new movie from a popular franchise that is considered too “woke”, You’ve probably heard many gamers criticizing said character by saying “*look I am not a bigot, I like this character who is part of the same marginalized group in this franchise before. But the new character is just too much…*” Most of the time, what just happened is that the new fictional character introduced in the media happens to be much more critical of the modern social culture, a character who speaks about the bigotry that many marginalized people suffer from in this world. Things like People of color suffering of racism, women being forced to more domestic roles in society, homosexual being ostracized, similar treatment for transgender, etc. Most of the time many these geeks would defend themselves and say that they are not against inclusion… but it has to be the “*right*” kind of inclusion. For exemple, they are Ok with a character being black or brown… as long as said character never “dares” to speak about the systemic racism colored people suffer when it comes to the economical or judicial aspects. They are Ok with a woman involved in the plot of the franchise… as long as she does not remind the viewers that real world society is not equal when it comes to opportunities in life because of prejudices or sexism. They are ok with a Queer character, but that character better know his place and not have any arcs about how much people from the LGBTQ community suffers from intolerance from society (like eviction from their home and family, hatred in the street, erasure of their identity, etc.) Basically, the random gamers accept that people from non privileged backgrounds are added to their franchise… but these characters do not have the right to be critical of the society of the real world and the struggle of people less privileged than they are. In the end They will try to distance themselves from more hateful geeks and will claim that they accept diversity… as long as said diversity does not threaten the status quo of the real-world culture and does not DARES to question their social privilege. Many of these geeks likes to say that when a game or movie is being critical of the real world it is “shoving politics down their throat”. They tend to be ok with fictional racism when it comes to let’s say aliens facing discrimination or elves being victims of racism in witcher 3… This makes it easy for these gamers to look at the game, play it, feel bad for the elves who are victims of bigotry and think that the game is against racism in general, therefore a game with a deeper message… And for the most part it’s true that Witcher 3 has that theme of anti-hatred, but since the elves in witcher 3 are all white people and the settings is made to be as different as possible from planet earth, it makes it easy for these gamers to ignore the fact that the game itself is very much criticizing their real-life world.",analysis,Reasoning or interpretation is the main substance of the text.,https://www.reddit.com/r/TrueFilm/comments/1jigaff/the_hypocrisy_of_inclusive_moviegoers_accepting/,post,reviewed,Kept original label after QC/spot-check
"I watched Black Swan again and I have a theory I don’t find anywhere

What if Black Swan is actually Beth’s psychotic delusion? Most people interpret Black Swan as the story of Nina Sayers, a ballerina who loses herself in the pursuit of perfection. But what if Nina doesn’t exist at all? What if the entire film is actually the psychotic delusion of Beth Macintyre, the former prima ballerina who was replaced and discarded? The Theory: Beth Is the True Protagonist Beth, after being replaced by Nina, suffers a complete mental breakdown and is institutionalized in a psychiatric hospital. Everything we see in the movie isn’t reality but Beth’s fractured mind trying to cope with the loss of her identity by creating Nina as a projection of her younger self. Beth is no longer perfect, no longer loved by Leroy, and no longer relevant. But instead of accepting this, her mind crafts a fantasy in which she still has a chance—by living through Nina. ⸻ Clues That Suggest Nina Is Beth’s Hallucination 1. The Hospital Scene: Has Beth Been Here All Along? • When Nina visits Beth in the hospital, the setting is ambiguous. There is little medical equipment, and Beth’s behavior is more like someone experiencing severe psychosis than a patient recovering from an injury. • Later, Beth stabs herself, but Nina suddenly finds the weapon in her own hand. If Nina is just a delusion, this moment could symbolize Beth momentarily recognizing the truth—that she has been harming herself all along. 2. The Self-Harm Throughout the Film • Nina constantly scratches herself, peels her fingers, and experiences hallucinations of bodily transformations. But what if these injuries aren’t happening to Nina at all? • Beth, in reality, could be self-harming in the hospital, with the movie showing these acts through the lens of her delusion, externalizing her pain onto “Nina.” 3. The Leg Wounds: A Metaphor for Beth’s Career Death • When Nina lifts Beth’s sheets, she sees her legs covered in wounds. Later, however, Beth is seen sitting and moving normally. • For a ballerina, damaged legs symbolize the end. These wounds might not be real, but a metaphor for Beth’s fall from grace—her mind projecting physical ruin onto her body as a way of making sense of her lost career. ⸻ Beth’s Relationship with Leroy: The Loss of Love and Identity • Beth was once Leroy’s little princess—his muse, his obsession, the ballerina he molded. • When he replaces her with Nina, Beth’s entire identity collapses. She no longer feels special, beautiful, or perfect. • At the end of the film, Leroy calls Nina “my little princess.” But if Nina is just a projection, then this could be Beth’s mind rewriting reality—trying to relive the moment she was still loved. ⸻ Nina’s Mother: A Projection of Beth’s Self-Loathing If Nina isn’t real, then her mother isn’t either. Instead, the mother represents Beth’s own fears and insecurities about herself. 1. The Mother Tries to Sabotage Nina • She constantly tells Nina she isn’t good enough and tries to stop her from dancing—much like Beth’s own inner voice telling her she has been replaced. • The cake scene is particularly telling: the mother forces Nina to eat a large cake, threatening to throw it away when Nina refuses. This could symbolize Beth’s struggle with control, aging, and body image—her fear of imperfection manifesting in an overbearing maternal figure. 2.",analysis,Reasoning or interpretation is the main substance of the text.,https://www.reddit.com/r/TrueFilm/comments/1jioggd/i_watched_black_swan_again_and_i_have_a_theory_i/,post,reviewed,Kept original label after QC/spot-check
"""Lucy"" as a death fantasy: What if she died when the drug burst — and the film is her brain rewriting her end into something divine?

I revisited Lucy (2014) recently and came away with a completely different read than I had years ago: one that’s stuck with me in a deeply unsettling way. What if Lucy doesn’t actually survive the moment the CPH4 drug bag bursts inside her? What if she dies in that room, and the rest of the film - all the powers, transcendence, time travel, and omnipresence -is simply a dying brain’s last desperate hallucination? The setup for this theory is buried in the first 20 minutes: Lucy is violently abducted and forced into a horrifying situation. A synthetic drug is sewn inside her against her will. She’s beaten - specifically kicked in the stomach where the drug is - and the bag ruptures. She convulses. Loses control of her body. And then... everything changes. From that point on, Lucy becomes less of a person and more of a vessel. Her emotions vanish. She no longer experiences fear or pain. She speaks with detachment. Her “powers” escalate to the point of absurdity, as though reality no longer applies. By the final act, she isn’t just powerful -she’s not even human. This isn’t evolution. It reads more like dissociation. Like her brain - flooded with trauma, chemicals, and fear -is escaping. And the narrative it constructs is one where: She’s no longer vulnerable. She controls everything. The men who used her are insignificant. And instead of dying in agony, she becomes eternal: an all-knowing force. The film’s climax, where she merges with time and touches the origin of life, could easily be interpreted as symbolic ego-death: the brain letting go. And the final line, “I am everywhere,” sounds less like transcendence and more like resignation. A dying mind refusing to vanish. Why this interpretation hit me: I started to think: what if the real Lucy -a woman used, violated, and thrown away- simply died, quietly and alone? And this whole film is her brain rewriting that ending. A fantasy of power and peace. A last-minute attempt to make her life mean something. To avoid the truth: that she was just another discarded victim in a brutal world. It’s tragic. But it’s also beautiful, in a way. Because even in death, even in a final, fleeting surge of hallucination, Lucy reclaims herself. She becomes everything. Even if it’s only for a moment. I know this likely wasn’t the director’s intent, and the movie itself is far from perfect, but viewing it through this lens transformed it for me. It stopped being pseudo-scientific sci-fi and started feeling like a quietly devastating psychological film about trauma, identity, and the need for meaning in the face of death. Curious if anyone else has seen it this way. I haven’t come across this interpretation before. End.",analysis,Reasoning or interpretation is the main substance of the text.,https://www.reddit.com/r/TrueFilm/comments/1lkn934/lucy_as_a_death_fantasy_what_if_she_died_when_the/,post,reviewed,Kept original label after QC/spot-check
"Defending ‘A Serbian Film’ (2010)

Finally decided to watch this back in march after hearing about it EVERYWHERE. 21f (repost) but I want to have a discussion. I don’t watch porn. I read, I work, I hit the gym — you know, all the stuff you’d expect from someone trying to live a “well-rounded” life. On top of that, I’m a huge horror fan. Naturally, after digging through endless lists of horror movies to fill my free time, I eventually stumbled into the world of splatterpunk, extreme horror — and, of course, A Serbian Film. I went in expecting a trashy, pointless mess — something vile for the sake of being shocking. But instead, I was completely stunned. It wasn’t just gross or offensive; it was emotionally jarring in a way I never expected, and it stuck with me long after it ended. This film is often approached with the wrong mindset — viewers go in expecting relentless violence, their perceptions already clouded by preconceived notions. Instead of immersing themselves in the narrative as they would with any other piece of media, they fixate on what they assume it should be. But beneath the surface, there’s something deeper — a message that reveals itself only to those willing to search for it. Some may argue that a message requiring effort to uncover is a failed one, but that’s just a symptom of today’s social climate — a world that rejects nuance and thrives on black-and-white thinking. This film defies that simplicity. It made me think, it held me captive — and for that, I believe it succeeded. I’ve always had trouble being moved or even phased by things, but this film did all of the above. It made me reflect on the idea that not only do things like what was depicted in the film happen in real life — it also forced me to open my brain further to the overall metaphor of the film: government brainwashing, control, and the exploitation of vulnerability. A comment that haters of the film hate to hear because they denounce the idea, dismissing it as an excuse to justify the disturbing content. Yes, the film depicts necrophilia, pedophilia, incest — every horrible paraphilia you can conceive. But to me, these disgusting acts served a purpose: to further destroy and dehumanize Milos, driving home the film’s central theme of control and exploitation. That’s what engaged me so deeply. It really speaks to the lengths someone might go to provide for their family, even when they know they’re crossing a dangerous line. Milos struggles with this internal conflict long before he even sees the footage. Vukmir is infatuated with Milos; there’s a twisted element of sadism in that. He enjoys watching Milos seem to ""enjoy"" acts he knows he would be horrified by once sober. Milos is a victim, targeted precisely because of his vulnerable position. The moment Milos is sexually assaulted while unconscious is especially brutal because, by then, his fate feels inevitable. They probably would have just killed him if his brother hadn’t had bigger plans for his future. Milos wasn’t just exploited; he was destroyed piece by piece, his sense of identity shattered before he even understood what was happening. The film is incredibly emotional, traumatizing, and suffocating in its bleakness. It leaves you with that haunting feeling of ""What else could you possibly do (but kill yourself)?"" That hopelessness is what makes the film so gripping. Suicide is the absolute rock bottom — yet it’s still the choice Milos and his family make at the end.",analysis,Reasoning or interpretation is the main substance of the text.,https://www.reddit.com/r/TrueFilm/comments/1lk4fda/defending_a_serbian_film_2010/,post,reviewed,Kept original label after QC/spot-check
"Eyes Wide Shut is a coming out story (Part 2)

Taken from other threads: Nick Nightingale, a married man with four children, is never seen wearing a wedding ring, which some interpret as a subtle indicator of a hidden or non-conforming relationship. The film’s setting also contributes to this subtext: Nightingale performs at the Sonata Café in Greenwich Village, a historically significant location for the LGBTQ+ community and the site of the 1969 Stonewall riots. The film also draws parallels between Bill’s pursuit of Nightingale and the HIV/AIDS epidemic, particularly through the revelation that the prostitute Domino tests positive for HIV, a disease disproportionately affecting gay men. This connection is reinforced by dialogue involving the phrase ""to be perfectly honest, it's a medical matter, some tests and I know he'll want to know about those as soon as possible"" used in both contexts—when Bill seeks Nightingale’s address for medical reasons and when Sally informs Bill about Domino’s condition. Nick is the one with HIV, which is why Bill was pursuing him. Domino isn't the one with HIV. Bill is imagining the conversation with Sally as way to confirm his suspicions about Nick being HIV positive. Bill is an extremely repressed character. Everybody wants to go to bed with him but he never complies or takes the lead. The two hookers, the nymphet at the costume shop, Marion at her father’s deathbed, the gay hotel clerk, the call girl he meets on the street, etc. He always chooses NOT to have sex. When the two hookers aggressively flirt with Bill, asking him to go “where the rainbow ends” his reaction is not at all favorable. The rainbow is the gay symbol. Maybe “where the rainbow ends” could mean “where you stop being gay” There are other references to rainbows. In the original script, the password to the orgy was “Fidelio Rainbow”. Not just “Fidelio” The costume shop is named “Rainbow fashions”, another reference to gay stuff. When Bill asks for a cloak with a black hood and a mask, the owner slyly asks him if he doesn’t want something more “colorful”, which also may be interpreted as if Milich is implying that Bill is gay When Bill is with Nick Nightingale at the nightclub, he has a curious line: “There is no way on earth you are going to leave here without taking me with you”. This could easily sound like he is making a pass at Nightingale. The fact that Kubrick chose to film this scene at a famous gay bar in London adds even more meaning to the dialogue In his discussion in bed with Alice, after smoking, Alice seems very angry that Bill has never been jealous about her. She asks “what makes YOU an exception?”, when he says that he is not interested in other beautiful women, unlike most men. The truth is, this means he does not desire women and that he might be interested in \*something\* else. Bill is the one fantasizing about men outside their relationship, and Alice taunts him by pretending they are her fantasies. In the first scene of the movie, when she asks him how she looks, he makes a compliment without even looking at her When, at the party at Ziegler’s, Bill says to Alice “Let’s go there and say hello to him (to Nick Nightingale)”, Alice frowns, looks angry, gives an excuse that she needs to go to the bathroom and immediately grabs a drink. It is quite obvious that she is jealous of Nick Nightingale.",analysis,Reasoning or interpretation is the main substance of the text.,https://www.reddit.com/r/TrueFilm/comments/1pw4o04/eyes_wide_shut_is_a_coming_out_story_part_2/,post,reviewed,Kept original label after QC/spot-check
"Steven Spielberg's 'Disclosure Day' is one of those rare blockbusters that also feel intimate, personal, and human

I feel I could only fully appreciate ‘Disclosure Day’ after rewatching Spielberg’s semi-biographical family drama ‘The Fabelmans’: his personal tale of growing up with a pianist mother and an engineer father made me grasp the singular balance of ‘arts and sciences’ in his filmography; he goes for universal emotions by pushing the technological achievements of moviemaking. The characters of Margaret and Daniel in ""Disclosure Day"" also represent - and access - those different and equally powerful languages: hers is one of human emotions, his is one of mathematics. (The secondary characters played by Colman Domingo and Colin Firth function as opposite extremes of the spectrum of emotion and logic.) And something really interesting happens in the final scene... When the alien is brought to the TV studio, the being whispers the message to Daniel - who speaks ‘mathematics’ - and Daniel relays it to Margaret, who is about to share it with the world when the movie cuts to black. (We hear her say ‘Listen’ in English, but the previous build-up suggests that every person on Earth will be able to understand her in their own native tongue so no cultural nuance will be lost in translation). Going by these events, it seems to me that Spielberg was framing science as the true universal language. Without complex mathematical algorithms, we wouldn't have signals traveling wirelessly through the air from broadcast sources to our devices, or satellites that reach the outer space. But all the knowledge amounted by our species was generated by the mind - which is also the source of the emotions we experience and that we can ONLY comprehend from the perspective of our Earth-grounded existences. We often project these human emotions into non-human subjects. Just like we trained AI, which runs on mathematics, to interact with us in human-like, relatable term, we also try to comprehend animals - the figures the aliens take to connect with the subjects in the movie - from our human standpoint. People stare at a deer and try to ‘read’ their species’ thoughts and feelings, just like meteorologists (Margaret’s profession) aim to understand and predict Earth’s phenomena based on the observation of atmospheric ‘behaviors’. The extraterrestrial beings might be genuinely capable of empathy themselves, yes. But, above all, they tapped into the emotions of humankind to establish a successful communication - that's also a huge theme in the movie - with a subject that's fluent on the universal language of mathematics (Daniel), who then established a human connection with the second subject (Margaret). Bottom-line is: we don’t know if those aliens share deep ties with their families and loved ones like we do; we don’t know if they grief and relate to loss like we do. All we know is that they understood, through science, that emotions were the most powerful way to reach out to humans. Spielberg frames empathy as mankind's collective gift. This is also covered in the dimension of faith in a subplot that addresses the Biblical interpretations of creationism. One of the characters struggles with the toll the alien revelation might take on people’s faith.",analysis,Reasoning or interpretation is the main substance of the text.,https://www.reddit.com/r/TrueFilm/comments/1uibxc9/steven_spielbergs_disclosure_day_is_one_of_those/,post,reviewed,Kept original label after QC/spot-check
"Sicario (2015) is missing something essential

Hey there all you feature creatures, I was drawn to this film because of the incredible amount of talent involved in its making, and that talent absolutely shines through. However, something bothered me about this film that I am compelled to call out. I want to start by giving this film its flowers: this film looks, sounds, and feels incredible. The story is brilliantly paced. The score by Johann Johannsson heightens everything. Denis Villeneuve balances tension masterfully; tightening things to add propulsion, loosening to add relief, and creating a sense of dread and suspense throughout. The entire cast feels perfect (except Emily Blunt is obviously not a real smoker...that's probably a nitpick). I was not surprised when I saw Roger Deakins' name in the credits: the movie is gorgeous. However, there was another name I wasn't surprised to see: Taylor Sheridan. This isn't meant to be a shitpost on the man, but I have found all of his properties lack substance on a crucial front. And it is on that front that I feel this movie is ultimately defeated. The conflict on the surface of the film is between U.S. law enforcement agencies and the Mexican drug cartels, but the soul of the movie is meant to be the struggle between the procedural Agent Macer (Emily Blunt) and the unscrupulous CIA operative Graver (Josh Brolin) and their cooperation with Alejandro, the former lawyer/Medellin cartel operator who functions as a lawless assassin wreaking havoc on the out-of-control Mexican drug lords; we are meant to consider the balance of a ""law & order"" approach when dealing with organizations that have willfully destroyed their own humanity, and seek to degrade the humanity of everything they touch. It is a well-trodden idea: to uphold justice, one must bend the rules (insert obligatory Batman reference). I do not have a problem with the film addressing this conflict, nor do I necessarily disagree with which side it endorses (which I feel is unsubtle but could be my personal interpretation). But I do think it fumbles its handling of an incredibly delicate issue. We never really have any reason to understand why Agent Macer cares about procedure or why Matt Graver has abandoned international law; we have to rely on the stereotypes of secret agents and rookie cops. This could be dismissed as poor/underdeveloped writing, or an artistic choice to leave certain backstories unanswered to allow the viewer to fill in the gaps, but I think the issue runs deeper than that. Beyond character motivation, we aren't given any reason to believe traditional (and legal) approaches are exhausted; we are shown excessive uses of violent intimidation and we are told about the boundless horrors of the cartels, but legal exhaustion is dealt with by a few throwaway lines of dialogue while the film focuses on building atmosphere and tension. Instead of exploring the value of maintaining the moral and legal high ground in international law enforcement operations or the ways cartels corrupt institutions and exploit legal restrictions to wage a campaign of terror-for-profit, the film assumes the viewer won't get too bogged down in the morality of the whole thing and just enjoy the show. What results is a film that feels heavy on spectacle and light on substance.",analysis,Reasoning or interpretation is the main substance of the text.,https://www.reddit.com/r/TrueFilm/comments/1uhpjze/sicario_2015_is_missing_something_essential/,post,reviewed,Kept original label after QC/spot-check
"I'm so fucking tired of being unable to watch movies in their originally intended format/color grading/etc

It's Christmas/New Years/Winter in general and as someone in my mid-30s who was exposed to The Lord of the Rings in theaters this is my favorite time to rewatch the movies, especially living in a climate where it was cold and snowy when I saw them. It's just a bit of relaxing nostalgia I like to enjoy every couple of years when it gets really blizzardy out. But now I'm just annoyed because I'm once again reminded how fucking difficult it apparently is for companies, or directors, or whoever decides to rerelease media to just release the pictures in modern quality without doing something to mess with the quality. In the case of LotR, I'm having this crash out because for ten years I had a PC with a DVD player in it so I would just watch my LotR EE DVDs because they didn't have color grading issues (like the infamous Fellowship blu-ray green tint) and because the lower quality helped cover some of the aging CGI, which isn't really a big deal to me but it was a little bonus and otherwise didn't interfere with my enjoyment because I was still on a 1080p monitor But since the last year I've built a new PC that has no disc drives, because it's 2025, and I realize to watch LotR now means one of several equally miserable options * I have to rip my DVDs and watch them in 480p on a 1440p monitor which I really shouldn't have to do * I have to watch the 4k 20th anniversary edition which has awful color grading, like to the point it's distracting, not to mention really bad DNR that makes people look plastic and removes the film grain that masks CGI effects and gives the films, you know, film quality * I have to spend my evening looking through forums for third party restorations with missing links where people can't directly provide anything due to copyright issues to try and find one of a dozen different fan edits of people trying to preserve the intended qualities of the film I know for a lot of people this shit isn't a big deal but it matters to me, I can tell when a certain shot doesn't look as warm as it used to, or when DNR is making something too smooth, and it takes me out of the film, *these films* specifically which were some of the most immersive ever made. And I'm tired of doing this shit for other beloved films as well, like Star Wars, which now has no less than 147 million different versions, 63 million of which are official rereleases with edited scenes that change the context of the narrative, and the 200 million other fan edits which remove some of the *good* things from the special editions, or combine special editions and remastered OT footage, or some other combination to get the films to look exactly like the fan editor's preferred memory.",analysis,Reasoning or interpretation is the main substance of the text.,https://www.reddit.com/r/TrueFilm/comments/1pz8613/im_so_fucking_tired_of_being_unable_to_watch/,post,reviewed,Kept original label after QC/spot-check
"Falling Down spoke to me.

Falling Down tells the story of William Foster (Michael Douglas) a disgruntled former defense worker who abandons his car in the middle of traffic and goes on a violent rampage trying to reach his family for his daughter's birthday. Martin Prendergast (Robert Duvall) a retiring police officer solves the puzzle to stop his rampage. This film resonated with me on a personal level. There were times where I acted like Foster. I threw temper tantrums over the smallest of things, I was angry that I didn't have the things that I wanted in life. There were times where I felt like ""If I don't have a car to drive safely, a girlfriend, an apartment, or another job, I'm going to remain stuck forever."" Watching Falling Down was therapy for me, because it taught me that I shouldn't act like that. I'm more on the side of Prendergast, where he understands Foster's pain, even if it doesn't justify any of his crimes. To quote Mister Rogers ""There are people in the world that are so sick and so angry, that they sometimes hurt other people. When we get sad and angry, we know what to do with our feelings, so we don't have to hurt other people."" Foster is 100% the bad guy because, he has this victim mentality where up until the end, he doesn't look at his own faults and perceives the whole world as being at fault, when it's actually him that's got a lot of faults. His mother lives in fear of him, and his ex-wife Elizabeth has a restraining order against him because of his inability to control his temper. He even blames his mother for the failure of his marriage to Elizabeth. There were times where I've had issues controlling my temper, but I learned to get it under control thanks to therapy. Foster didn't even get the help he needed for his mental illness. I love Prendergast because he's the complete opposite of Foster. He's someone that comes from a place of empathy and understanding. He even gets Foster to see that what he did was wrong. He didn't want to kill Foster, he just wanted to help him. But Foster decided to commit suicide-by-cop in hopes that his daughter would get his life insurance policy money, and so he can't go to jail. I love how the movie is about both Foster and Prendergast, and how they each deal with their own struggles. Foster lost his child through a divorce/restraining order, and Prendergast lost his child to SIDS. But Prendergast was able to move on from the death of his daughter. I love the final scene where he sits in the front porch with Adele. He calls himself ""Mud"" and even decides to stay on the force. Falling Down is one of those movies that really helped me be a better person. The film's writer, Ebbe Roe Smith, said in the 2009 DVD commentary that the film is about how people shut themselves and go into a negative area because they're unable to appreciate the point of view of another person or put themselves in their shoes. Going to UMSL, attending therapy, and getting a job at William Sonoma really helped me get better. While there are times where I still feel sad and frustrated (cause, you know, that's life) I still try. I'm autistic, but I still have those childlike qualities where I want to see the good in people. I was worried that I was going to become like William Foster but thank God I didn't.",analysis,Reasoning or interpretation is the main substance of the text.,https://www.reddit.com/r/TrueFilm/comments/1jmsafj/falling_down_spoke_to_me/,post,reviewed,Kept original label after QC/spot-check
"Black Bag (2025) is Soderbergh's placing the two most famous types of spy movie in conflict with eachother.

There is a TL:DR in the end, I've very excited about this. I want to preface this by saying that this is obviously *not* the only thing this movie is about. Black Bag is a fantastic spy thriller and another excellent point of the movie was to contrasts the life of an intelligence agent with that of a relationship. Loyalty to one's country and loyalty to one's partner can look very similar, you can cheat and still love, you can be faithful and still be seen as a cheater, there's lies and manipulation and I loved that, but this post is about something I'm confident was meant on purpose, and did not see discussed anywhere else. \------------------------------------------- **Here's what I think the movie is doing:** In Black Bag Michael Fassbender plays George Woodhouse, a methodical, highly detached and cold MI5 agent meant to keep internal security (prevent moles and catch traitors). He's clearly a very boring man (besides the fact he can cook, lives on a fantastic house, looks like Michael Fassbender and is married to Kate Blanchett) with a incredible talent for spotting lies and plots. ""I don't like liars"" is kind of his catchphrase. His wife, the equally methodical Kathryn, might be a mole, and its up to George to put his job above his feelings (or not) to find out. **George is ""Smiley"". With his large glasses, attitude, and spymaster flair is very clearly a direct reference to John Le Carré's spymaster ""Smiley"". He's not a man of action, he's the man that sets the mole up to reveal themselves, that gets people to confess and to be framed. His entire character is meant to evoke Le Carré's style of Espionage thrillers. No big action set pieces, but ""plots within plots.""** However the central point of Blackbag is that somehow a mole in George's sphere of influence has given the Russians a digital superweapon called ""Severus""\*. If these Russian operatives make it back to Moscow ""thousands will die"". It is later revealed that ""Severus"" is a digital WMD invented by the West to cause a russian nuclear poweplant to meltdown, bringing chaos and causing Putin's regime to collapse. If the russians get it back to Moscow they'll inadvertedly cause a major catastrophe. *What the hell is this doing in my Le Carré movie?* This kind of ""superweapon, time is running out, we have to save to world"" things looks like it belongs in the other side of the Spy genre... ...in James Bond. Enters Pierce Brosnan, playing Arthur Stieglitz, George and Kathryn's boss in MI5. Arthur looks dashing, charming, and is emotional in the few scenes he's in, and is an avid defender of Severus as a ""good plan"" to win this new Cold War, and as it is revealed that he framed Kathryn with leaking it (manipulating George into trying and exposing her) so he could get the meltdown to happen, he's essentially the movie's villain. Pierce Brosnan is the quintessential James Bond of our time (sorry Craig). White hair aside, the silver fox still captures all of that reckless charisma of Bond. And its absolutely no coincidence Soderbergh got him for this role. **Arthur is Bond. Or if we want to be pedantic, a Bond villain.",analysis,Reasoning or interpretation is the main substance of the text.,https://www.reddit.com/r/TrueFilm/comments/1jj4jml/black_bag_2025_is_soderberghs_placing_the_two/,post,reviewed,Kept original label after QC/spot-check
"Belladonna of sadness changed my life

I always hear people say “this movie changed my life” and I used to think it was kind of cliché… until it happened to me. Belladonna of Sadness starts after the “lived happily ever after” that most movies end with, which I found really smart. Instead of showing a fairytale wedding as the final victory, it begins right after Jeanne marries the man she loves and from there, everything unravels. This movie has so many trigger warnings that I don’t even know which ones to use, it’s very sexually graphic which I think is necessary to the purpose of the story. The story is brutal but deeply compelling. Jeanne, a hardworking and beautiful woman in medieval France, is assaulted by the local lord and his men on her wedding night. From that moment, her life spirals: she’s shunned by her community, abandoned by her husband, and pushed further and further into isolation. What I found so powerful is that the movie doesn’t treat this as a singular act of cruelty, it shows how everyone around her, whether actively or passively, plays a role in her destruction. The real villain isn’t just the lord, it’s the entire patriarchal system that sustains him. The only other significant female character, the baron’s wife, is just as telling. Instead of empathizing with Jeanne, she turns on her, jealous of Jeanne’s beauty and terrified of her freedom. That jealousy feels like another weapon of patriarchy, pitting women against each other so they never unite against the system that oppresses them both. Her fear of Jeanne isn’t just personal, it’s political, Jeanne represents a kind of womanhood she’s been forced to suppress in herself. Visually, the film blew me away. It doesn’t move like traditional animation. Instead, it unfolds like a series of living paintings, Sometimes it feels like an illuminated manuscript, other times like a psychedelic fever dream. That shifting style mirrors Jeanne’s own transformation I think, the still moments are her attempts at stability, the eruptions of color and chaos are the violence and passion consuming her. The turning point is Jeanne’s pact with the devil. I personally think the “devil” is the part of Jeanne that society and religion told her to suppress, but I’m interested to hear your theories. What could have been portrayed as pure corruption instead felt like the only way she could reclaim agency and happiness. The same sexuality society used to shame and destroy her becomes her weapon of resistance. That hit me hard. It helped me understand feminism in a way I hadn’t before. Not just as “equality between men and women” in the abstract, but as the fight against entire structures that normalize exploitation and then call it natural or moral. Jeanne’s tragedy made me see how reclaiming your body, your voice, your desire after such trauma is itself an act of rebellion. defiance feels like a spark that carries forward, like resistance that can’t be extinguished. That’s when it really clicked for me: feminism is about that refusal to submit, even when the cost is sacrificing yourself like Jeanne did.",analysis,Reasoning or interpretation is the main substance of the text.,https://www.reddit.com/r/TrueFilm/comments/1nph5xo/belladonna_of_sadness_changed_my_life/,post,reviewed,Kept original label after QC/spot-check
"Was Tony Curtis right to feel ""angry all his life""?

So I was watching this TCM interview to Jamie Lee Curtis, where she said something about her father that really caught my attention: ""Tony Curtis was angry all his life. He was angry that he didn't get the respect he wanted. He was angry that other actors got the respect that he felt he deserved, and I think that Sweet Smell of Success gave him that level of demand for being seen and heard as an artist, and I think it was incredibly important to him that he was in that movie."" My first instinct was that she must be grossly exaggerating. I mean this is Tony Curtis we are talking about! One of the greatest and most iconic stars of all time! But then I started to really think about it.... I do think that there is probably some lost potential in there. Sweet Smell of Success is a masterpiece, for me his greatest film and performance, for me he's extraordinary in this. Of course Some Like it Hot is a stone cold classic. However, after this, his oeuvre seems to take a dip, despite Curtis' obvious efforts to take risks and show his range. I think Boston Strangler, Defiant Ones, Insignificance, Manitou and The Great Race are all interesting efforts, worthwhile watches, although flawed. For me Curtis had this special quality where on the one hand he could perfectly act the part of the dashing movie star at the same level as say Cary Grant or Gary Cooper, but he also had a great willingness (not to mention talent) to push himself, to play sleazy and pathetic and weird and complex roles. And this quality doesn't seem to have been fully taken advantage of. But no matter how much he tried, he never seemed to be seen at the same level as a Montgomery Clift, he was stuck with this old-fashioned studio heartrob image. I mean this is someone who in the 60s, fired his agent and took a huge pay cut to play a serial killer in Boston Strangler, but despite positive reviews and box office, it didn't seem to lead to much opportunities. Anyway, I'm interested in hearing other people's opinions. Are there any important roles I'm forgetting or should check out?",discussion_question,Reasoning or interpretation is the main substance of the text.,https://www.reddit.com/r/TrueFilm/comments/1nrw1xr/was_tony_curtis_right_to_feel_angry_all_his_life/,post,reviewed,Relabeled during QC: analysis → discussion_question
"Close Encounters is Astonishing

It’s been about 20 years since I watched this film….and man, were my expectations about to what expect completely misguided. I guess my schema about Spielberg is that he is the master at family-oriented, blockbuster entertainment. And while Close Encounters may have some of these qualities, it is genuinely one of the most experimental, and biggest swings, that I’ve seen in a blockbuster movie. I should have been clued into this potential experimentation with the casting of Truffaut, because in many ways, this features the same audacity as the French New Wave peeps. Anyway, of course I’m referring to the final 40 minutes where Spielberg seems to abandon the plot (well at least the expected plot) in favour of capturing an emotion — the emotion being a sense of awe (or the sublime). This section was really pure cinema in full functioning, simply allowing music and imagery to captivate the audience without the use of dialogue. With this, all the qualities of awe and the sublime are so perfectly evoked once the grandeur nature of the ship reveals itself. The paradoxical feeling of beauty which is evoked by the sheer scope and scale of the physical ship, while also the terror of recognising how small you are in comparison with the cosmos. There is also the additional paradoxical feeling of feeling incredibly small and insignificant, while also feeling connected something much larger than yourself, and therefore, enhancing the breath of your experience. Furthermore, with all the metaphors pointing towards some lofty metaphysical themes, this isn’t a film that provokes a sense of existential angst about finding meaning in the universe and what reality is, but rather affirms the potential for the world having genuine meaning and us as humans being connected to something much larger in the cosmos, whether that’s God or something else.",analysis,Reasoning or interpretation is the main substance of the text.,https://www.reddit.com/r/TrueFilm/comments/1ueawp4/close_encounters_is_astonishing/,post,reviewed,Kept original label after QC/spot-check
"I've been wanting to write this review for about a year, but I never had the energy for it. "" Our parents are not just our parents "".. Aftersun

The Film's Story: The film tells the story of Sophie, a woman reflecting on a holiday she spent in Turkey with her young father, Calum, twenty years ago. At the time, she was unaware of his struggle with depression. The journey reveals his inner sadness and conflicts, which she only came to understand as an adult. The film explores Sophie's memories, a blend of truth and imagination, as she tries to understand the father who was an enigma to her and reconcile with his past to better know herself. **My First Viewing:** I first saw this film before I left my family and moved away due to circumstances in my life, around the end of 2022, just after it premiered at festivals and on streaming platforms. Back then, I didn't find it particularly special. I watched it online, gave it three stars, and that was that. **My Second Viewing & Personal Reflection:** Later, when I started living alone, I began to rethink my relationship with my parents. I started seeing them as human beings separate from me—not just as ""Mom and Dad,"" but as people who were living life for the first time, just like me. They had their own stories, lives, and experiences that shaped them long before I existed. This perspective made me overlook some of the problems from my childhood. I even realized that when we texted on the phone, we expressed our feelings more freely because of the distance, unlike when I lived with them. This reminded me of a saying: ""Our parents haven't lived seven thousand years; this is their first time living life, just like us."" It's possible they faced situations they didn't know how to handle and made mistakes with us. All of this thinking brought me back to *Aftersun*, and I found myself deeply relating to it this time. My second viewing was in a cinema. Even though I had already seen it, I felt a need to watch it surrounded by people. The theater was packed because the film had gained fame for impressing the critics. **Understanding the Film's Core:** And then I truly grasped the film's story: Sophie, whose father committed suicide after their last vacation together. She was angry at him for it. As a child, she didn't understand the reasons; to her, he was just normal. She thought his yoga was just ""weird moves."" There was a distance between them, visually represented by the camera in some scenes. She couldn't remember everything perfectly, so she had to fill those gaps in her memory, aided by the camcorder footage from their holiday. **What I Loved About the Film:** What I appreciated most was that the film never directly stated the reason for Calum's suicide. Instead, we discover it alongside Sophie. We see scenes of him crying, hints of his financial struggles, his separation from his wife, and his own suffering with his father during his childhood. This background made him strive to provide everything he could for Sophie, despite his poverty, so she wouldn't feel the lack he felt as a child—something Sophie herself notices and mentions to him in one poignant scene. The scene where he breaks down after Sophie celebrates his birthday, which clearly triggered childhood trauma, was especially powerful. The film speaks to the gap between children and parents.",analysis,Reasoning or interpretation is the main substance of the text.,https://www.reddit.com/r/TrueFilm/comments/1ntknfn/ive_been_wanting_to_write_this_review_for_about_a/,post,reviewed,Kept original label after QC/spot-check
"DR. MABUSE, THE GAMBLER- an early “blockbuster”

I recently finished all four hours of Fritz Lang’s *Dr. Mabuse, the Gambler* and was once again in awe of Lang’s skill as an artist and storyteller. This movie does have a fair amount of title cards but, when compared to the amount of information in the story, it’s amazing how much information is conveyed completely through visuals. One of the many things I find fascinating about German Expressionism is how influential it was to avant-garde AND popular cinema. *Dr. Mabuse* carries the modernist, psychological themes found in other films in the movement (like *The Cabinet of the Caligari*) but it’s essentially an action thriller filled with shoot outs and built around the titular super villain. It’s recognizable as a prototype of the blockbuster film. I teach a film elective to high schoolers and I show them either *Nosferatu* or *Metropolis*. I teach how important European ex pats (like Lang) were to Hollywood’s development. This is perhaps a simplified narrative, but the peak of the Hollywood system of the 1930s-1940s is essentially a merging of the two great cinemas of the 1920s: Hollywood and Germany. *Dr. Mabuse* has the seeds of so many Hollywood mainstays: noir, thriller, action, procedural, and even elements of horror. If you want to watch a silent film that is still massively entertaining, seek out Dr. Mabuse. It’s divided into acts and very episodic in structure, so it lends itself to being broken up into separate viewings if you’re like me and can’t sit for four hours.",analysis,Reasoning or interpretation is the main substance of the text.,https://www.reddit.com/r/TrueFilm/comments/1lnyece/dr_mabuse_the_gambler_an_early_blockbuster/,post,reviewed,Kept original label after QC/spot-check
"I was a doubter, but I understand why the Academy voted Anora as Best Picture: A Defense

As the title states, I was originally someone who was skeptical about this movie. I felt that the topic of sex work was dated, a bygone conversation that would have been appropriate in 2018, but definitely not a conversation I thought we'd still be having in 2024-2025, and at the same time I also thought it was strange for the winner of the Best Picture to be a movie that I perceived as ""celebrating"" being a ""hoe"". However. in my mind I assume it won Best Picture for a reason, so I do decide to watch it. I had never watched a Sean Baker film before though, so in preparation, I watched *The Florida Project*, a great movie, which I bring up, only because I will make a comparison to that movie and *Anora* in this post. But this past weekend, I watched *Anora* and I can now say that I changed my mind about this movie. While I can't definitively say it deserved Best Picture over the other nominees, as I haven't watched all the other movies nominated, I actually found the movie compelling and great, and I can understand *why* it won Best Picture, if that makes sense. Like who would've thought that I actually changed my mind after watching this movie, and formed my own opinion, instead of just listening to others and basing this movie off of superficialities such as just reading a synopsis of the plot! I would have never guessed! But to get to the meat and potatoes of this post, I want to address some of the criticisms of the movie and give my own interpretation of what this movie ""means"". To start off, this movie is not about sex work. That seems to be a common misconception regarding this film. This film is not a documentary about sex work, it is not exploring sex work as an industry, it is none of that. In fact, this films plot is so simple: a woman, believing struck gold and will be able to rise above her class position, is knocked back down into reality. Sex work is simply a vehicle used to drive the plot, or rather what the plot is trying to say. Ani is the ""ultimate proletariat"". She has been commodified and reduced down to the last thing a proletariat woman can sell or conduct labor as: her body and selling sex respectively. In the eyes of the world, she is a tool to be used, simply just a fleshlight. And the world we live in, is one ruled by the bourgeoisie, and the bourgeoise in focus is that of Ivan ""Vanya"" Zakharov. She never truly loved Vanya, she just saw him as a meal ticket to get out of her class position as stated earlier, but was knocked back down and shown that she could never be part of the bourgeoise that she dreams to be a part of, as Vanya clearly states in other words after he sobers up. The film not only satirizes the behavior of the bourgeoise, but even mocks them through Ivan. He acts almost mentally challenged because the class that he is a part of never required him to grow up. He doesn't have to! This is made starkly clear in every scene Ani and Vanya share. Vanya, a 21 year old that smokes weed, plays video games, and has never worked a day in his life, and being handed a job by the end of the film, and Ani, a woman just two years older than him that literally has to do ""adult"" work.",analysis,Reasoning or interpretation is the main substance of the text.,https://www.reddit.com/r/TrueFilm/comments/1jjahjj/i_was_a_doubter_but_i_understand_why_the_academy/,post,reviewed,Kept original label after QC/spot-check
"Filmmakers similar to Abbas Kiarostami

I first saw Certified Copy in university about 5 years ago, and it instantly became my favorite movie of all time. From there I went on and watched every Abbas Kiarostami movie I could, and he quickly became my favorite filmmaker. It’s a little hard for me to articulate why I love his work so much, but I would say the pacing, documentary quality, emphasis on the beauty of being alive, and the importance of location and its almost poetic use are all what really appeals to me. With the Wind Will Carry Us finally coming to Criterion, I’ve exhausted all his major works and I am looking for directors that might evoke a similar feeling. I’ve been trying to explore more Iranian Cinema, with A Moment of Innocence being a particular favorite of mine. There are also a few other filmmakers and movies that I have loved for similar reasons to Kiarostami, and it would be wonderful to know more work similar to them too. Satyajit Ray immediately comes to mind. His stuff is maybe a little too Italian Neo-Realist inspired for my tastes (Italian Neo-Realism has yet to click for me, despite its similarities to Kiarostami, and I don’t know why.), but I’ve definitely liked everything I’ve seen from him. I am a huge fan of the Before Trilogy, and there are certainly elements that tie it to Kiarostami’s work. Ozu also comes to mind, evoking a similar emphasis on location and time. I’ve only seen Uncle Boonmee by Apichatpong Weerasethakul, but it evoked some of the same feelings Kiarostami’s work does, although it was maybe a little too abstract for my tastes. The criminally underrated movie, Monsters, by Gareth Edwards is radically different from anything Kiarostami has done, yet in many ways it reminds me of Life and Nothing More with its contrasting of life after a disaster and its similar journey of characters having philosophical discussions through very tangible locations. Perfect Days by Wim Wenders also reminded me a lot of Kiarostami’s work and again had that site specificity that seems to really click with me. It would be wonderful to learn of any movies, or really any works of art, similar to these. Thanks so much!",discussion_question,Reasoning or interpretation is the main substance of the text.,https://www.reddit.com/r/TrueFilm/comments/1nnyrre/filmmakers_similar_to_abbas_kiarostami/,post,reviewed,Relabeled during QC: analysis → discussion_question
"Thoughts on 'Avatar: Fire & Ash'?

I haven't really cared for an Avatar movie before, only mildly enjoyed the cinema experiences. They are very average movies when watching at home and even the visuals often feel like top notch video game cutscenes. But there was something about Avatar 3 that has me buzzing since I came back from the theatres. It's hard to pinpoint exactly what worked for me this time but the first thing that comes to mind are the two antagonists: Miles Quaritch and Varang. Both command the screen in every scene they are in and are very interesting to watch. Miles in particular lifts up this movie as Cameron rightly gave him increased screentime. He gets more agency in this film as he diverges from the human forces to chart his own path. On one side he has this vendetta against Jake Sully. But on the other hand he has a weakness in Spider and he is slowly warming to the way of life on Pandora. Finding a girlfriend with a shared sence of violence also helped things lol. I liked the moments where Jake tries to convince Quaritch to ditch the humans and open up to Pandora and it is implied that Quaritch has been cooking with that idea. All this results in Quaritch being the best realized character in the series so far, which is hard to beleive when watching the first film. Varang also deserves a shout. From her unique design to her chaotic personality. She definitely is the Navi character with the most personality and that immediately gives the movie an edge over the previous one. Having a group of Navi with differing thoughts on Eywa made the world itself feel more complex and bigger. But I think more focus was required for the titular group. This movie also did well to keep the kids in check. Because the Way of the Water focusing 70% of its runtime on petty kids issues was a weird choice imho. Jake and Neytiri aren't the best protagonists out there, but by now you are invested in their story. Jake may be bland but his earnestness pulls you over after 3 movies. Moreover, the final act was jaw dropping. It was Avatar's finale on steroids but with many more facets and characters. Cameron really is a master in how to do action and utilize the big screen so well. The writing isn't the best, especially considering the lengthy runtime. Editing is also a weakness for this film as well as the previous one. But you cannot have it all I guess. I rate this film well. One of the best cinema experiences. Thoughts?",analysis,Reasoning or interpretation is the main substance of the text.,https://www.reddit.com/r/TrueFilm/comments/1pvkvh5/thoughts_on_avatar_fire_ash/,post,reviewed,Kept original label after QC/spot-check
"‘Bob Trevino Likes It’ (2025) is a gem with emotional resonance and outstanding supporting acting work that may see plaudits for French Stewart and John Leguizamo.

I went into *Bob Trevino Likes It* (2025) blind, for the most part. I knew it had premiered at SXSW a year ago and won the audience prize in November at the Denver International Film Festival. However, it is in limited release only now. The setting is northern Kentucky into southern Indiana. Spartan deprivation and disinvestment in the region is a motif. Midway through the movie, an intuitive Bob Trevino (played with the stout delivery that John Leguizamo has brought to his dramatic work for decades) takes his newfound friend, Lily Trevino (portrayed by Barbie Ferrería, whose credits include *Euphoria*) to the county animal shelter, where she holds a puppy for the first time since she was eight. In the film, Lily is depicted as isolated in her social life and adrift from most forms of human connection. Early in act one, she is confronted by a video from a self-help guru who introduces the concept of self-abandonment. Lily scoffs at the metaphor, to the snide delight of a pair of friends nearby observing her dramatic irony with detachment. Lily meets her father, Robert Trevino (whom French Stewart embodies as a maladaptive narcissist in a way that contextualized what I recalled of his career to this point) for tacos. Robert outlines his grievances at life and dithers about which woman in his age bracket and zip code he would deign to spend his time with. He critiques these women who have survived life in his environs as if he had a jeweler’s subtle appreciation for the way polish, applied with gusto, might remove all flaws. When Robert invites Lily to make an impression on a woman he has seen several times that he is not a rootless person without people he’s cared for over dinner, the predictable implosion ends act one. Vengeful at having spent money on dates with a woman who now had no regard for him, Robert disowns his adult daughter. Lily, who works as a live-in aide for a woman with an unspecified degenerative condition, finds herself adrift in her early twenties. The men in her own age bracket whom she has seen have proven to be callow via a heartbreaking text exchange that opens the film. She opens an unspecified internet medium, presumed to be Facebook, and reaches out to a man a few counties over with no profile avatar who shares her father’s somewhat common name. Enter Bob. Bob is greeted with an initial question of whether the two are distant relations. Lily’s backstory unfolds at a brusque clip, startling Bob at how she is “reaching out in the void, with nobody liking or replying or interacting with her posts,” as Bob tells his wife Jeannie (a performance of poise and composure executed in a way many actors would deem one of their best performances, delivered by ____). Necessity brings the two together when Lily’s charge Daphne (a portrayal so suited for the performer I had to wonder if it was an auteur collaboration, given life by ____) clogs her toilet. Bob arrives as a last resort helper. Within minutes the problem is resolved. Lily is a frantic motormouth of apologies until Bob has to reassure her that once she has plateaued to his age in life, she’ll understand that shit happens. This thin gruel of a joke is representative of Bob’s humor, so strap in.",analysis,Reasoning or interpretation is the main substance of the text.,https://www.reddit.com/r/TrueFilm/comments/1jmxdvd/bob_trevino_likes_it_2025_is_a_gem_with_emotional/,post,reviewed,Kept original label after QC/spot-check
"Columbus 2017 Retrospective

I like many people love this movie, and I rewatched it so I could zero in on what about it made it so special( apart from how beautiful it is) I ended up with a piece that centers on stillness. Here's an excerpt so you can see if its for you: The uniqueness of Kogonada and Christian’s architectural focus creates a quiet tension that sustains the film. Though most buildings (both interiors and exteriors) are largely captured in static shots, they are never devoid of energy and never feel inert. Empty staircases, doorways, hallways, fences, and bookshelves evoke liminality: a kind of hanging sense of transition or movement even within still frames. These spaces imply interactivity and passage, suggesting that physical structures still contain the essence of the the lives that often move within them even when people aren’t present. A doorway becomes a threshold for encounter, a fence a marker of boundary, a bookshelf a kind of corridor. In Kogonada’s framing, the physical space that we often move through without thought is never just an accumulation of atoms and molecules washing over us in the background, they are spaces charged with depth and substance because of the histories and lives they hold. [https://medium.com/@michaelc\_03/stillness-and-architecture-in-columbus-8a453a16b9b2](https://medium.com/@michaelc_03/stillness-and-architecture-in-columbus-8a453a16b9b2)",analysis,Reasoning or interpretation is the main substance of the text.,https://www.reddit.com/r/TrueFilm/comments/1ns8n08/columbus_2017_retrospective/,post,reviewed,Kept original label after QC/spot-check
"The use of lighting in Private Pyle's death - Full Metal Jacket

I dunno if this is obvious, but I thought it'd be neat to talk about since I just watched this for the first time. I find it super intriguing how they used the lighting to draw attention to his expressions with lighting. When Joker shines the light on his face, you can see everything. Joker looks terrified because he can see the monster Pyle is. Pyle just looks like a horrifying person - pretty much exactly what the Marine Corps is describes as wanting, death machines. It maybe also shows his regret for pushing Pyle to this point, he probably realises their beating of him with soap is part of the reason he's doing this, but the light on his face still shows Joker thinks Pyle is in there. I like to think the fact you can see his eyes shows he's able to be understood, Joker can see his true self, see his soul through his eyes. But when the light shines away from his face, his eyes are cast in shadow, you can't see anything at all. It maybe does the opposite effect now. It suggests he's unrecognisable, Joker can't tell what the hell he's doing, and doesn't believe Pyle is there anymore. He's mentally gone, and is fully unreadable. Then after shooting the drill sergeant and sitting on the toilet, you can see his eyes again, but they're different. They're not dark, sinister or shadow covered anymore. They're that of a broken man, and Joker can see that again due to being able to see his mind almost, with eyes being the ""windows to the soul"" and all. Completely unrelated, but since this is about his mental state changing in the span of a few minutes and able to see his progression, the fact the door says ""head"" on it would probably also be a form of saying Joker is entering Pyle's mind to see the beast they've created. Again, I dunno if any of this is obvious, but, I thought it was neat and wanted to post about it.",analysis,Reasoning or interpretation is the main substance of the text.,https://www.reddit.com/r/TrueFilm/comments/1jm9pao/the_use_of_lighting_in_private_pyles_death_full/,post,reviewed,Kept original label after QC/spot-check
"FEAR IS THE KEY (1972) - Movie Review

Originally posted here: [https://short-and-sweet-movie-reviews.blogspot.com/2025/03/fear-is-key-1972-movie-review.html](https://short-and-sweet-movie-reviews.blogspot.com/2025/03/fear-is-key-1972-movie-review.html) Based on the novel of the same name written by **Alistair MacLean** (*""The Guns of Navarone""*), the revenge thriller *""Fear Is The Key""* is a typical 1970s flick, a perfect mixture of slick cars, groovy music, electrifying stunts and the good old-fashioned conspiracies that were all the rage during those paranoid years. Directed by **Michael Tuchner** (*""Villain""*, *""Mister Quilp""*), the film stars the effortlessly cool **Barry Newman** (*""Vanishing Point""*) as underwater salvage expert John Talbot, who arrives in a small Louisiana town, immediately picks a fight with a police officer and gets arrested. As he is brought before a judge, he makes his escape by kidnapping an innocent bystander, Sarah Ruthven (**Suzy Kendall**), who also happens to be the heiress to a petroleum fortune. His actions puts him in the crosshairs of criminal mastermind Vyland (**John Vernon**) who has some use for his particular set of skills, setting in motion a series of unexpected twists and turns. The film's highlight is easily a lengthy and impressively staged car chase coordinated by **Carey Loftin** (*""Bullit""*, *""The French Connection""*). It's the kind of high-octane, high-speed vehicular mayhem that the 1970s are famous for. Unfortunately, it's also the film's only major action sequence and takes place near the very beginning, which is a bit of a letdown if you were expecting more of the same throughout. The chase also drags on for a bit too long (20 minutes total), as if trying to pad out the runtime, especially considering nothing of real consequence happens during this sequence. The story then settles into suspense thriller territory and is filled with several nail biting scenes and some neat plot twists, which is why I won't go too much into the what, the where and the who. I've noticed that some synopses actually spoil some important details that are only really revealed at the very end, which takes away from the appeal of gradually unpacking those revelations. It really helps going in knowing as little as possible about the plot. Another standout is the ""breathtaking"" third act climax, which is incredibly tense and sharply written, bookending the film with one hell of a payoff. It's easily one of the most unique endings I've ever seen in a movie. Also worth mentioning are the fantastic banger of a score composed by **Roy Budd** (*""Get Carter""*) and the amazing cast that also includes character actors **Dolph Sweet** (*""Gimme a Break! ""*) and **Ray McAnally** (*""The Mission""*, *""My Left Foot""*), as well as **Ben Kingsley** in his big screen debut. Kingsley followed this film up with a ten-year theatrical hiatus to work in theatre and television, which ended with his Oscar-winning role in the 1982 film *""Gandhi""*. *""Fear Is The Key""* is a decent adaptation and a prime example of 1970s action thriller cinema. It's definitely not without its faults. While I enjoyed the suspenseful buildups, it may feel a little too drawn out, the plot's logic may also fall apart when scrutinized, and I hear the book is way better, although I have personally not read it. Regardless, it's heaps of fun and quite unpredictable, extremely entertaining and watchable for what it is, and well worth checking out.",analysis,Reasoning or interpretation is the main substance of the text.,https://www.reddit.com/r/TrueFilm/comments/1jl5mza/fear_is_the_key_1972_movie_review/,post,reviewed,Kept original label after QC/spot-check
"Roadgames (1981) Paranoia, perception, and the birth of moving liminal space

[Hitchcock on Wheels](https://open.substack.com/pub/horscadrecinema/p/roadgames-1981?utm_campaign=post-expanded-share&utm_medium=post%20viewer) Roadgames is not a film about a killer on the highway as it seems first, it is a film about a consciousness unravelling across the Australian interior, where distance becomes surveillance and movement becomes entrapment. What begins as a playful road movie with Hitchcockian overtones gradually mutates into a metaphysical chamber piece stretched across asphalt. The desert in *Wake in Fright* held you in one location and boiled you alive psychologically; in *Roadgames*, the entire country becomes a corridor you cannot exit, a linear threshold from which there is no deviation. There is no town to escape from, only an ever-receding horizon that mirrors the expanding paranoia of a mind watching itself. Pat Quid (Stacy Keach) is not a hero. He is a man alone in motion, and motion here is not freedom, it is exposure. We meet him through observation: watching other people through his windshield, playing games of deduction to pass the time. But like all acts of observation in cinema, the gaze becomes reciprocal. The more he watches, the more the road watches him. The premise echoes *Rear Window*, yes, but where Hitchcock’s voyeur is confined in place, Quid’s imprisonment is movement itself. His truck cab is not a refuge. It is a pulpit of paranoia, a stage from which he narrates a world that starts narrating him back. Franklin understood what few directors dared to see in the outback: that its scale was not liberating, but hallucinatory. The Australian road is not a setting but a psychic mechanism. The more you drive, the more it folds in on itself. Days become interchangeable. Space loses distinction. The horizon ceases to recede and begins to revolve, like a mirage held perfectly still. *Roadgames* traps its characters in a continuity loop disguised as progress. [](https://substackcdn.com/image/fetch/$s_!1Zrd!,f_auto,q_auto:good,fl_progressive:steep/https%3A%2F%2Fsubstack-post-media.s3.amazonaws.com%2Fpublic%2Fimages%2F3c2c486e-db7e-43ab-bcf5-75ff43ae0ab1_1920x834.png) The opening shot says everything: a truck slicing through the dawn, followed by tiny motel windows glowing like eyes. The film declares its grammar at once. Machines and architecture gaze back. Isolation is not absence but awareness. Even the headlights in the night penetrates, instead of illuminating the road. They become beams probing Quid’s psyche, turning him from observer into suspect. The windshield, the rearview mirror, the chrome; all are surfaces of reflection and return. The landscape has no need to speak; it watches, and that is enough. Hitch, played by Jamie Lee Curtis, enters the narrative as contagion. Her very name is a wink, although the joke curdles quickly. She listens, then begins to speak in the same speculative language Quid uses to occupy the void. When she starts guessing what the other drivers are thinking, the infection is complete. Paranoia, once spoken aloud, becomes shared. Franklin makes this shift so fluidly that the viewer barely notices it happen: the narrative voice doubles itself, self-awareness becomes duet, then echo, then feedback. What Quid invents to survive solitude turns into a trap of language.",analysis,Reasoning or interpretation is the main substance of the text.,https://www.reddit.com/r/TrueFilm/comments/1pw1z0n/roadgames_1981_paranoia_perception_and_the_birth/,post,reviewed,Kept original label after QC/spot-check
"A short video that channels David Lynch’s existential dread through minimal visuals and ambient unease. Would love to hear others’ interpretations.

I recently came across this short video called ""You were never born. And still you watch."" It's a monologue on absence, identity, and the quiet continuation of the world in your nonexistence. There are no characters, no plot. Just a voice narrating over slow, eerie visuals and a man in a bunny suit who appears in empty rooms. He never moves much. He just waits. The whole thing feels inspired by Lynch but doesn’t try to copy him directly. The presence of the rabbit-headed man clearly echoes ""Rabbits,"" but the tone is more meditative than horrific. The spaces feel liminal. There's an uncanny stillness to the whole piece. The sound design is sparse but deliberate—fans humming, floorboards creaking, almost like the room itself is alive. The editing holds on shots just a little longer than is comfortable. Objects are symmetrical but never perfect. There’s an intentional flatness to the camera that makes every room feel like a memory. It made me think of Tsai Ming-liang, early Guy Maddin, even some of Bergman's more abstract moments. Or maybe it's better viewed as digital video art rather than film in the strict sense. If you have time to watch it, I’m curious what others here make of it. Is this kind of surreal tone-poem something you’d consider within the scope of ""film""? Or is it more in the domain of installation and internet art? Link for reference: [https://www.youtube.com/watch?v=r6JTrx-ClYc&t=627s](https://www.youtube.com/watch?v=r6JTrx-ClYc&t=627s)",discussion_question,Reasoning or interpretation is the main substance of the text.,https://www.reddit.com/r/TrueFilm/comments/1jo4899/a_short_video_that_channels_david_lynchs/,post,reviewed,Relabeled during QC: analysis → discussion_question
"Oldřich Lipský

Hello all! I am currently working on compiling writings on the films of Oldřich Lipský, (specifically his 1967 film *Happy End*) and not being from Czechia, I am having some difficulty. It seems he's someone who was rather ubiquitous (he and his brother were semi-recently put on Czech stamps), yet not taken very seriously by film historians and theorists, relegated to academic margins, a footnote to the more politically exciting New Wave filmmakers, etc. If you are someone who could help me; someone with a direct line to some good sources, or someone willing to help me find and translate some original Czech sources I'd really appreciate it. For more context and to make this less self-serving, I'm programming the film as a part of a new screening series my friends are starting in Portland, Oregon in March. The series involves the making of a zine compiling various quotes by theorists/historians related to the film(maker). Everyone gets a copy of the zine, then we read from them and discuss! Kinda like a secular Cinema church (not to be confused with Church of Film if you're familiar with that lovely Portland screening series). So far, I've been able to draw heavily on a dissertation by Andrew M. Tohline called [“Towards A History and Aesthetics of Reverse Motion”](https://etd.ohiolink.edu/acprod/odb_etd/ws/send_file/send?accession=ohiou1438771690&disposition=inline) which I would highly recommend. I've been exploring Lipský's work (what I can get my hands on) for the better part of this year, and find him to be remarkably delightful, formally playful, and absolutely worth studying, which makes this whole thing a bit confounding. If you get a chance to watch any of his films—Deaf Crocodile has conducted restorations of a few, issued some physical releases, and has them available for streaming through Eternal Family—they're a hoot, and often, pleasantly, if mildly, subversive. There's a myopic tendency in film studies toward only giving serious films a second glance when whimsy is equally imperative, and I'm just one somewhat silly guy trying to correct this! *Happy End* is a comedy told in reverse. It begins at the guillotine with the narrator (a murderer) describing the reattachment of his head as the moment of his birth. It proceeds in this fashion for the entire runtime. Later, or earlier, he brings his wife home in pieces and assembles her. The film was partially dismissed by critics at the time, its temporal gambit hand-waved away as a cheap gimmick. However, it, like much of Lipský's work, has endured, and thus, I believe merits further examination, especially when that criticism seems disproportionate to the level of artistry invested in these films and this one specifically. I pulled the following quote from the dissertation I linked a moment ago for your consideration: “Thus, I would like to also situate Happy End as a satirical dig on narrativity in general, especially in light of Lipský’s other time-bending and genre-upsetting work. Though reverse motion smashes narrative causality to bits by its very nature, Bedrich’s \[the protagonist\] descriptions force it back together in a laughably unstable configuration. In no way except through Bedrich’s risible chain of misprisions could Happy End be considered a film with a happy ending – after all, Bedrich slays his wife and dies by guillotine; and in this respect, it seems to attack the convention of the happy ending through a satirical inversion.",discussion_question,Reasoning or interpretation is the main substance of the text.,https://www.reddit.com/r/TrueFilm/comments/1pzpi1b/oldřich_lipský/,post,reviewed,Relabeled during QC: analysis → discussion_question
"Moonrise Kingdom (2012) is the ultimate youth rebellion coming-of-age drama.

It is yet another delightful tale from the master of storybook realism, the one and only Wes Anderson. The charming aesthetics and whimsical flourish give the film a warm, bright, and overall sunny mood in the first act. It works well as both a slice-of-life drama and a survival adventure. It is a tale of friendship, compassion, and youthful innocence. In the film, we see two young lovers rebel against society and try to find their own lives. A typical coming of age story, it begins as a young orphan named Sam trying to find himself in society by taking part in volunteering in warfare. he then tries to flee the nest by escaping his camp and his foster parents. As the story progresses, he eventually found himself in the vast open world as he falls in love with another young rebellious girl named Suzy. Their friendship bonds as they sit by the campfire, tell stories, wander through the maze of lush green forests, and sit on the beach as the tiny waves ripple on the golden sand. Sam and Suzy are two of the most endearing children in the Wes Anderson universe, especially Suzy, who acts as an older, mother-like figure to Sam as she reads stories to him and helps guide him on his journey. The final torrential downpour of the storm is very suspenseful and full of terror and chaos—something not very typical in a tender Wes Anderson piece. However, Sam’s quiet bravery and Suzy’s unwavering trust crystallize amid the madness. It acts as both a literal and symbolic climax: a cleansing force that disrupts the rigid order of the adult world and makes space for genuine connection. The children act like adults, and the adults act like children. Visual absurdity and emotional sincerity end the film with a quiet resolution and a sense that, somehow, these two outsiders have found a place where they belong. A typical Wes Anderson ending, its abruptness gives the audience a sense of bittersweetness and unresolved tension. The film also showcases many beautiful frames of natural scenery as the children wander across the island. For instance, the hike through the forest takes us on an adventure through a maze of lush green foliage. Moonrise Kingdom is a great film that is unfortunately not Wes Anderson's best, due to the languorous pacing (especially in the middle act) and sparse plotting. Overall, it is a very amusing and adorable watch.",analysis,Reasoning or interpretation is the main substance of the text.,https://www.reddit.com/r/TrueFilm/comments/1lmzsky/moonrise_kingdom_2012_is_the_ultimate_youth/,post,reviewed,Kept original label after QC/spot-check
"After talking to you more in this thread, I need to come back here and directly challenge you a little harder. You havent really answered any of my questions. What are some examples of films with singular interpretations? I really can’t think of many. Maybe don’t look up is an example. A film which while I generally politically agree with, was so plain and overt with it’s messaging that it was painfully boring. Literally *any* film I have ever loved, I loved because it challenged me. Does a singular message sound “challenging” to you? Does it sound like something that would lead you to reflect meaningfully? And what are some artists who would side with your take, that the artists intended meaning is absolute? That the space for multiple interpretations renders an artwork meaningless? That it is tantamount to theft to differ your interpretations from the artists’ intention? Please, find me one single great artist. Because whether or not you believe that the artists intended meaning is the most important, to take it to the extent you are is ridiculous. It’s as if you are saying every film should start with a disclaimer that lists all the themes and subtext, coming with a little quiz at the end. Like you see no magic whatsoever in art.",analysis,Reasoning or interpretation is the main substance of the text.,https://www.reddit.com/r/TrueFilm/comments/1s8vjmg/what_if_asking_what_does_this_film_mean_is_not/odkt1q0/,comment,reviewed,Kept original label after QC/spot-check
"Nice cinematography, score. But poor character development imo. The character of Phil is almost entirely collapsed on his sexual orientation. We're supposed to believe he's an abusive POS because he's a repressed gay man. Uhmm, OK. Suddenly all the nuances of human beings are erased when we're dealing with a gay man. The frequent mentions of 'Bronco Henry' become almost comical; it's hard to tell if there was a deliberate camp factor in the movie or not. Bronco Henry is the best rider he ever known! He's the only one who can see the dog in the mountains! He wraps a scarf with his initials around his neck while bathing then masturbates with it. He cleans BH's saddle 50 times a day, especially after hears his brother having sex. He saved his life by lying on top of him and NAKED as Peter remarked! LOL. To be fair, I swear that the last one was probably meant to be comical as even Phil laughs at the suggestion. By the end of the movie, Phil is almost a caricature of a gay man that it's almost hard to understand why he needs to go at all. One would think that a closeted gay man wouldn't be so nonchalant about having the name of his past lover on his tongue every 10 minutes. Which brings me to the next problem with characters, Peter. Probably the most disturbing and evil thing in the movie is not how Phil behaves, but how Peter kills him. Are we supposed to be impressed by a psychopath? It's illuminating that the actor himself is on record for saying that he played it with psychopathic tendencies and even had a 'secret' with Kirsten Dunst that it was actually Peter who kills his father. Psychopaths can be fascinating as characters but the problem is that they steal our memory and attention entirely because we are so disturbed in how they behave. IMO the script failed to properly motivate Peter's actions and that's in large part because Phil was shown much more empathically in the film than in the book. The murder in the book is cathartic as it is clear that Phil was the dog. Here, we're not really sure. I thought Peter is the one we should all be worried about. It's actually a bit disconcerting that the straight couple Rose/George ends up being shown as actual, nuanced, complex characters. Kirsten Dunst as always put in a stellar performance. These nuances get lost when we're dealing with gay characters.",analysis,Reasoning or interpretation is the main substance of the text.,https://www.reddit.com/r/TrueFilm/comments/rgucw6/jane_campions_power_of_the_dog_on_netflix_is/mkqwzbr/,comment,reviewed,Kept original label after QC/spot-check
"I appreciate getting this point of view from you because it's a violent reminder how people can still COMPLETELY misunderstand a concept no matter how hard you try. Let me spell it out for you : - ""Mary being first"" did you not notice how badly Stack was trying to protect her. Because HER OWN PEOPLE would hate/kill her for associating with him. She wasn't corrupted, she felt safe because ""hey they're white, I'm white, what could possibly go wrong?"" and it went very wrong. - ""Stack fell victim"" It was a representation that he was right to keep her at a distance and follow his instincts of keeping HER safe. ""I love you but I want to keep you safe and that was never here and that was never with me"" Do you need closed captioning while watching this or something?? Once he allowed her to get involved the way SHE wanted to (trying to swindle those ppl) she immediately got hurt, exactly what he wanted to avoid. - ""Stick to your own"" You missing the point is why this movie was made. YOU WERE KILLED IF YOU DIDNT MIND YOUR BUSINESS. What part of that is complicated to digest???? He wanted to be with her! Let word get back to the KLAN that some dark skin is touching a white lady and that's it! It's not like there was a freaking choice but to follow the constructe those people were forced into. - ""Spirit scene"" You really are lacking in something in your life. Those are the cultures who accept and acknowledge their ancestors. White people made it a Sin and demonic to do that... Christianity remember???....so why in the world would they be there? Why in the world would their music be there? Do you know what the Blues represents? You noticed the Irish music but do you know the history of the Irish? The Irish experience in America was veryyy relatable to the Black experience, which is why they was the there...you know what you missed the point of the whole movie.......I'm done.",analysis,Reasoning or interpretation is the main substance of the text.,https://www.reddit.com/r/TrueFilm/comments/1k5mmnn/sinner_review_great_message_poor_emotional/n0npjzx/,comment,reviewed,Kept original label after QC/spot-check
"Michael Cimino, auteurism, and filmmaker biographies

I'm currently reading Charles Elton's biography *Cimino: The Deer Hunter, Heaven’s Gate, and the Price of a Vision*, which I would definitely recommend to people on r/truefilm. Elton, of course, had a difficult job because Cimino was a relentless self-mythologizer, claiming birth years from 1939 (his actual birth year) to 1952 and telling elaborate, contradictory stories about his early life. Like a lot of auteurs or would-be auteurs, he crafted a public persona that influenced the perception of his films. I'd like to ask the sub some broader questions about filmmaker biographies in general, about the creative challenges they involve. On one hand, they require the same research challenges as any biography, the same questions about how to fit all the complexity of a life into a narrative structure. On the other hand, they also require some specifically film criticism-related insight into the films themselves, the directors' body of work as a whole, and the relationship between art and life. Have you read any filmmaker biographies that struck you as doing both of those things effectively? Does this format inherently lead to an auteurist reading of the films in question? How much can/should biographical context influence our reading of a film?",discussion_question,Reasoning or interpretation is the main substance of the text.,https://www.reddit.com/r/TrueFilm/comments/1pzs1rk/michael_cimino_auteurism_and_filmmaker_biographies/,post,reviewed,Relabeled during QC: analysis → discussion_question
"Stalker (1979) - La mia chiave di lettura

Sono arrivato a 52 anni senza aver visto prima questo film. Ho approfittato un pomeriggio di riposto post donazione del sangue. Un pomeriggio ben speso, direi. Dopo aver visto il film la mia chiave di lettura è la seguente: >!I tre protagonisti si muovono chiaramente come tre archetipi: la scienza per il Professore, l'arte per lo Scrittore e la fede per lo Stalker. Arte e scienza avanzano per logiche di profitto o di ambizione intellettuale, mentre la fede fa da guida perché è l'unica predisposta all'esplorazione dell'anima. Ma davanti alla Stanza dei Desideri tutto si blocca. La soglia è invalicabile non per un pericolo fisico, ma per il terrore della verità: la Stanza non realizza ciò che l'uomo dichiara di volere, ma l'essenza più profonda e incontaminata dell'inconscio. Il suicidio di Porcospino ne è la prova definitiva. La Stanza gli ha restituito la sua verità, rivelandogli che dietro l'altruismo di facciata si nascondeva un egoismo viscerale che desiderava solo la ricchezza, spogliandolo di ogni alibi morale.!< >!Tuttavia, il viaggio non è affatto un fallimento. Al contrario di quanto pensa lo Stalker, lo Scrittore e il Professore compiono un autentico bagno di umiltà e tornano indietro migliori di come erano entrati. Rinunciare a varcare la soglia è il loro massimo atto di maturità. Lo Scrittore depone la sua maschera di cinismo distruttivo e accetta la propria vulnerabilità; il Professore smonta la bomba, rinunciando alla pretesa scientifica di controllare o distruggere ciò che non può comprendere. Hanno guardato nell'abisso, hanno compreso i propri limiti e hanno scelto il silenzio e l'onestà intellettuale rispetto all'arroganza dell'azione.!< >!Chi esce davvero sconfitto dall'esperienza è proprio lo Stalker, e qui il film affronta il paradosso più tragico della fede. Fin dall'inizio, quando lo vediamo chiudere con freddezza la porta della camera da letto lasciando nel buio la moglie e la figlia malata, intuiamo il suo profondo egoismo. Lo Stalker è un uomo accecato dal proprio dogma: cerca disperatamente il miracolo e il sacro in un luogo altro, astratto e idealizzato, diventando completamente insensibile alla realtà che ha intorno. Ha bisogno che l'umanità sia disperata e priva di speranza per poter giustificare la propria missione e il proprio ego spirituale. Quando i suoi compagni rifiutano di entrare, lui crolla non per compassione verso di loro, ma perché si ritrova privato del suo ruolo di salvatore.!< >!Questa cecità viene smascherata da Tarkovskij attraverso la dinamica familiare e gli elementi che invadono la casa nel finale:!< * >!**L'evoluzione della Moglie:** Il contrasto tra le sue grida disperate all'inizio e la sua immensa dignità finale rivela che è lei l'unico vero centro spirituale del film. Ha attraversato il dolore, ha accettato la natura ossessiva del marito e ha scelto di restargli accanto. Nel suo monologo finale, parlando direttamente a noi, descrive una ""felicità amara"" e incarna l'unica forza che non ha bisogno della Zona per esistere: l'amore incondizionato che si fa carico della sofferenza altrui. Lei non ha bisogno di miracoli perché il senso della vita lo crea ogni giorno.!< * >!**La scena della telecinesi:** Il finale con la piccola Monkey che sposta i bicchieri con il pensiero, che a uno sguardo superficiale può sembrare una pacchianata fantascientifica, è in realtà una formidabile ironia visiva.",analysis,Reasoning or interpretation is the main substance of the text.,https://www.reddit.com/r/TrueFilm/comments/1ucv63c/stalker_1979_la_mia_chiave_di_lettura/,post,reviewed,Kept original label after QC/spot-check
"[The Shining] Jack didn’t lose his mind at the Overlook. He went there to murder his family.

I know a lot of people already view Jack Torrance as a man with darkness in him. This isn’t some mind-blowing twist meant to shock anyone. It’s more of a shift in how you might watch the film. A reframing. Less about a man unraveling into madness, and more about a man who shows up already broken and just finally acts on it. Most people see The Shining as a story about a man slowly driven mad by isolation and a haunted hotel. But what if Jack didn’t go to the Overlook to lose his mind? What if he went there to act on it? From the start, he doesn’t seem like someone trying to protect or reconnect with his family. He seems like a man who has already checked out. He resents his wife, shows no warmth toward his son, and talks about isolation like it’s something he’s been craving. Even a small moment in the car ride, when Danny says he’s hungry, Jack snaps, “Well, you should’ve eaten your breakfast.” That’s not a man coming undone. That’s someone who is already gone. This doesn’t feel like a descent into madness. It feels like preparation. The job, the move, the idea of a fresh start — none of it feels hopeful. It feels like setting the stage. The Overlook isn’t a trap. It’s an opportunity. When the hotel manager brings up the story of Delbert Grady, who killed his family while caretaking, Jack barely reacts. Maybe he’s hearing it for the first time, maybe not. But either way, he doesn’t take it as a warning. He takes it as a blueprint. If things go wrong, he can always say he snapped. Just like the last guy. Cabin fever. Temporary insanity. Something people would actually believe. And here’s where I think the usual reading starts to miss something. Until Jack makes his offer — “I’d sell my soul for a drink” — nothing supernatural happens to him. The only strange events are happening to Danny, who we know is sensitive to the supernatural. Jack sees nothing. No ghosts. No voices. No twins. Nothing. Not until he makes his offer. That’s when Lloyd appears. It’s not that the hotel reaches out to Jack. It waits for him. He makes the move. The deal. And from there, the hotel welcomes him. The ballroom fills up. Grady appears in the bathroom. The woman in Room 237 shows up and kisses him before revealing her rotting corpse. He doesn’t scream. He doesn’t warn Wendy. He says nothing. That feels less like horror and more like acceptance. This isn’t Jack being slowly corrupted. This is Jack being handed permission. The devil didn’t tempt Jack at the Overlook. Jack showed up ready to do the devil’s work. The devil just happened to already be there. And that’s why I think he’s in the photo at the end. Not because he was possessed. Not because the hotel claimed him. But because he joined it. The hotel didn’t make him a monster. It gave him a home.",analysis,Reasoning or interpretation is the main substance of the text.,https://www.reddit.com/r/TrueFilm/comments/1lltkbe/the_shining_jack_didnt_lose_his_mind_at_the/,post,reviewed,Kept original label after QC/spot-check
"I deeply appreciate the kind and critical engagement. And fair, I agree it is a stretch, but it's one I think there are two many coincidences to miss. The subtext or inspiration, and I mean, a homecoming movie turned violent is almost always going to reference the Odyssey. One of the biggest reasons why I ended up thinking about the Odyssey is that Sinners overlaps with/references/is very similar to O Brother Where Art Thou, which is a direct adaptation of the Odyssey. And maybe those overlaps are a coincidence, but I figured that O Brother was referenced for a reason, and the reason I thought of was for us to think about the Odyssey. There are too many other intentional references in the movie for the O Brother references. One scene that had major O Brother/Odyssey vibes is when Mary goes out to talk with the vampires. It felt very much like the siren scene in O Brother (and the spell almost works in Mary). It felt far too on the nose not to be referencing the Odyssey. And as for Elias staying on earth, he's essentially the opposite of the prophet Elisha, but I think that's exactly the point. They are the opposite of godly. I think there are many, many other themes and purposes going on in Sinners that are far more obvious. But I think this is another layer to it.",analysis,Reasoning or interpretation is the main substance of the text.,https://www.reddit.com/r/TrueFilm/comments/1loh8a8/sinners_movie_is_an_adaptation_of_dantes_inferno/n0nqx2b/,comment,reviewed,Kept original label after QC/spot-check
"One Battle After Another: The mothers character and how it ruins the movie for me.

Hello guys I just watched the movie and I have some serious questions to ask or I should say things to highlight. While I was watchi g the movie I was 100% sure this is the best movie Ive seen in the cinemas since Babylon. It was original, funny and clever. All the actors outperformed themselves, the directing was also sublime. I think Leo went for the same character as he did in OUATIH but with a little bit more flavour and grit, meanwhile Sean Penn showed us once again why he is considered among the best to ever do it. All the side characters were fascinating too. PTA is managed to do another directing masterclass with shifting from comedy to thrilling action to suspensful drama-thriller throughout the whole movie. I liked the parallel of the two fathers racing for the daughter, by far one of the smartest written plot. Or is it? Now as I was walking out the theatre with a big smile, looking at the 10/10 reviews on imdb, feeling like i experienced true cinema, I started to feel off. I felt irritated. I realised i am not satisfied. The problem was the mother. Teannas character is by faaaar the most despiseable character Ive ever seen in a movie. She is becoming more aggresive, neglectful towards her baby and family and overall just she is shifting away from her original principles. She is envy of her on baby, she cheats on her husband with the an asshole who us btw hunting her whole team, she than rats everyone basically killing them (which could have meant killing her own baby), kills innocent people and then she even fucks over Lockjaw and fleds to another country. I think these traits and actions make her the main antagonist of the story. AND LEO FUCKING TELLS HER DAUGTHER SHE IS A HERO. WHAT??!?? Why the hell would you do that after she literally ruined not just your, but your daugthers and many others lives??? Like theres no reason. Yes, Leo gives one, but its so lame that it hurts... Its like the mother got her redemption by writing ""this pussy doesnt pop for ya"" on a fucking sticky note, while clearly that pussy did pop, since she had a baby from their worst enemy, and THEN she is eaving that baby to a guy who thinks he is the father, forcing him to a life he was not prepared to have. The mother just pulled a full on jenny move from forrest gump. And in the end when the bad bad Lockjaw got his punishment, Leo shows the letter to his daughter in which the mother says 'oh Im sorry, I fucked up a little bit, btw nowadays I want to act like a fucking mom, oh and before I forget, your dad is a good guy give him a hug, but just please let me into your life, love ya xoxo"" just after the whole story happened just because of her horrible deceisons basically😭 And then the daugther is like, cool, time to be like mom and fucking rides off into the sunset, joining the same terrorist team that spoiled her mother Like what is the massage??? The movie makes it look like it makes fun of conservatives and liberals too, but it really doesnt. Its like the movie is saying, yeah we liberals have faults too, but at least we are not white supremacists, come and join the terrorism its so cool. Like I am not a consvervatie by any means, but the lack of double standards really annoys me. It wouldnt if the movie wasnt labeled as a satire. If we make a staire/parody about politics make it a two way road.",analysis,Reasoning or interpretation is the main substance of the text.,https://www.reddit.com/r/TrueFilm/comments/1ntewvq/one_battle_after_another_the_mothers_character/,post,reviewed,Kept original label after QC/spot-check
"I love PTA but didn't really think his latest film is all that is being made

Just saw One Battle After Another and even though the cinematography is masterful, as I would expect from PTA, I feel that if they had toned down the actions/chase scenes, the trademark DiCaprio quips, and instead fleshed out a bit more of Benicio's whole thing and let the storylines ""brew"" a bit more it could have been a way better film. This is where I think Licorice Pizza absolutely kills it—you don't have that many events to play with, so the rhythm of the film allows you to breathe in the themes much more. This is what Richard Linklater does to perfection. And even going back on PTA's work, for example There Will Be Blood, I feel this works way better because as a viewer you are confronting the ugly reality of the story in real time. I didn't get that with this latest one. I also think immigration is one of those topics that are so touchy right now, that there's no way in hell a film critic is gonna come out and look like they didn't like the pro-immigrant movie, and thus helps explain (in my opinion, I could be wrong) why it has received critical acclaim—while something like Licorice Pizza (that tackles some themes that can be seen as problematic, like the age gap difference between the characters) did not receive universal acclaim. Which is why I think most film criticism (the mainstream one, The Guardian and stuff like that) is just posturing. I like a film for what it accomplished as a film, not because I agree with its political message. In any way, I will watch everything PTA has to offer until the end. But just my two cents.",analysis,Reasoning or interpretation is the main substance of the text.,https://www.reddit.com/r/TrueFilm/comments/1ns96sp/i_love_pta_but_didnt_really_think_his_latest_film/,post,reviewed,Kept original label after QC/spot-check
"Eyes Wide Shut is a coming out story (Part 4)

A monologue from the 1994 film, Sleep With Me, by Quentin Tarantino to Nick Nightingale actor Todd Field. ""What's a film about, what's it really about?"" ""What's really being said, that's what you're talking about. 'Cause the whole idea, man, is subversion. You want subversion on a massive level"" ""It is a story about a man's struggle with his own homosexuality. It is! That is what Top Gun is about, man."" ""You've got Maverick, all right? He's on the edge, man. He's right on the fucking line, all right? And you've got Iceman, and all his crew. They're gay, they represent the gay man, all right? And they're saying, go, go the gay way, go the gay way. He could go both ways."" \---------------------------------------------------------------------------------------------------- Eyes Wide Shut. The refusal to see what is in plain sight. Alice's refusal to see that her life is an illusion and her husband Bill is trapped in the closet, and the parallel with Bill's refusal to see that his life is an illusion and that he can leave the closet. As is the case with so many relationships in this world, theirs is nothing more than a transaction. Alice is a transaction just like the prostitutes at the masked ceremony, the girls at the apartment, or the costume shopkeeper's daughter. The world in Eyes Wide Shut mirrors that of Hollywood, where people are routinely treated as commodities, and relationships are faked for convenience. At the Ziegler's party, Alice looks jealous and frustrated by the attention that Bill gives Nick. Based on the affection that they overtly display, it insinuates that they were more than just ""friends"" in medical school together. As much as Alice desires to make Bill equally jealous, her slow dancing with the Hungarian knowingly does nothing to provoke any response in Bill, despite Alice's desperation. Then there is that goofy scene with Bill and the two gorgeous women, where Bill is hesitant and even scared to learn where the ""end of the rainbow"" can be found. Following the party at Ziegler's, Alice and Bill get into an argument over jealousy which further examines Alice's self-denial/eyes wide shut towards Bill's sexuality. Alice questions Bill about the two girls he was with at the party, the ones she jokingly claims he was ""so blatantly hitting on,"" and then goes so far as to hyperbolically accuse him of banging them. Bill defensively states that he wasn't hitting on any models and then fires back at her by asking about the man she was dancing with. Alice tells him that the Hungarian wanted to bang her, and Bill's reply is that it's understandable because Alice is such a beautiful woman. Bill then assures Alices that that is just how men are, so Alice counters by accusing Bill of wanting to bang the beautiful models. Bill responds that he's an exception. Then Bill suggests he's an exception because he's married and in love with his wife, and it's out of consideration for her, but in actuality she's really just a cover. Of course, Bill is an exception, because he doesn't have any desire to bang beautiful women and is too afraid to even say the words out loud. The reason that Alice is interrogating Bill is because they ""both know what men are like,"" and that it would be normal for Bill to admit even the slightest desire for other women. Alice gets enraged and yells at Bill to give her a ""straight"" answer, but Bill is incapable.",analysis,Reasoning or interpretation is the main substance of the text.,https://www.reddit.com/r/TrueFilm/comments/1pxc3uw/eyes_wide_shut_is_a_coming_out_story_part_4/,post,reviewed,Kept original label after QC/spot-check
"One Battle After Another (2025) vs. Vineland (the novel its based on): One of these is a brutal, tragic, humorous commentary on real life radicals. The other is a make believe fairy tale about people that never existed.

**I wanna be as clear as possible when I say I don't think Anderson's choices here are 'good', nor do I think they are 'bad'. I just want to make people aware of what the deal is here since the vast majority of moviegoers are completely unaware of the source material** For those unaware One Battle After Another is a 2025 is based on the book Vineland (1990) by famed cult author Thomas Pynchon. The book is set in 1984 and is about what happens when 1960s radicals wake up in 1980s “greed is good” Material Girl world. **What is important here is that the book is commenting on actual real life radicals who really existed in the 1960s and 1970s**. For example, I live in Madison WI. There was a famous bombing of sterling hall on UW Madison campus because the the anti war radicals believed that the technology being worked on at that location was being used by the US military. https://en.wikipedia.org/wiki/Sterling_Hall_bombing Interesting fact: I met and talked to one of the people involved in that bombing Karl Armstrong. He spent a short time in prison for it and then return to Madison to live a normal life. He opened up a restaurant called “radical rye” an obvious nod to his radical past And of course there was also the Weather Underground. A radical organization that instigated riots, broke Timothy Leary out of prison, and conducted bombing campaigns as part of a radical leftist anti war effort https://en.wikipedia.org/wiki/Weather_Underground I say all that because a lot of people are simply unaware that these organizations even existed. And furthermore pynchon's book, while highly fictionalized, it is still grounded in reality, and is very much specifically about these actual real life people and the culture that they lived. Pynchon was curious about what happened to them under Ronald Reagan and the glitzy 1980s where the culture had basically forgotten them and moved past them. **Meanwhile One Battle After Another is about imaginary, hypothetical radicals who lived somewhere around 2010**. I mean I was alive in 2010. I remember it. There was no organized radical leftist bombing groups running around America bombing people because of abortion issues and Or immigration issues. This is not a thing that was happening. **PTA's radical leftists are entirely fictional**. They never existed. It's just a Hollywood construct. This is why a lot of people were confused at the beginning of the movie because they didn't understand who these radicals were, they didn't realize it was just a figment of PTA's imagination. Again I'm not saying that's a good thing, I'm not saying that's a bad thing,. But it absolutely is a thing. Thomas Pynchon book is a damning, insightful, tragic commentary on 1960s radicals who really lived. Meanwhile PTAs movie is a sort of commentary on imaginary, fictional people that never actually lived in the real world. Now you might say that immigration activists have always been around. And that is true to a certain extent. However the reality is that most people coming across the border using a coyote, are not part of some radical revolutionary underground movement. It's purely transactional. And the coyotes are in it for the money, and will leave your sorry ass behind if they think you're dragging them down.",analysis,Reasoning or interpretation is the main substance of the text.,https://www.reddit.com/r/TrueFilm/comments/1pwbxgp/one_battle_after_another_2025_vs_vineland_the/,post,reviewed,Kept original label after QC/spot-check
"Inglourious Basterds - the best WW2 movie satire?

I always believed Quentin Tarantino's filmography both strengthens and weakens Inglorious Basterds, largely because of how audiences perceive his films and how he is as a person. He simply makes movies that pay tribute to other movies (or other forms of media) but this isn't really the case with Inglourious Basterds. It's a film that hardly seems to respect the movies that came before it, unlike many others in Tarantino's filmography. Pulp Fiction (pulp magazines), Jackie Brown (blaxploitation), Kill Bill (martial arts movies), Death Proof (grindhouse cinema), Django Unchained (Westerns), and Once Upon a Time in Hollywood (Hollywood movies about Hollywood) don't seem to hold contempt for their respective genres. But Inglorious Basterds (war) actually does if you look closely enough. The one flaw I always had with Inglourious Basterds is that it felt like different good scenes edited together that resulted in a disjointed film. It's a good story, but told poorly. But I mostly saw it this way because I thought this story was valid and worth taking seriously, but it's not. (I thought we needed to see development more between scenes) Inglourious Basterds isn't some action revenge movie, it's a satire. It satirizes American WW2 movies that portray American soldiers as competent. heroic, civilized, patriotic, and obviously very humanized... however in Inglourious Basterds, it's the Germans who all get this treatment. The funny part, the story is told in a way that it's basically impossible to accuse the film of having ""pro-Nazi bias"" because they literally kill Hitler in Hollywood style. But I have never seen a Hollywood war movie that humanizes the enemy this much and get away with it (without controversy). The film does the “some Germans were just following orders"" but understands that can mean still loving their jobs, while also understanding it's not unique to Germans, especially the soldier. It’s the Germans that talk about having families “back home” and looking forward to seeing them post-war. It’s the Germans that are portrayed as suffering from PTSD and trauma from the war. They are much more civilized and competent, while Americans are barbaric and stupid. Hans speaks like 4 languages, while Aldo only one… and his English isn’t even that good. Full Metal Jacket is a dark comedy with heavy use of irony, a drill instructor gets killed by the heartless killer he trained. Another dark comedy, Parasite, where the three families can all get separate movies that are sympathetic to them, while villainizing everyone else. Inglorious Basterds works like this in movie form (not actual history) because the film shuffles around typical WW2 movie tropes. I think it's Tarantino's deepest film, but one that will never truly get appreciated from this angle because of other films in his filmography “keeping it down”. Kubrick doesn’t pull punches from criticizing the Vietnam War, while Tarantino does the equivalent with WW2… movies.",analysis,Reasoning or interpretation is the main substance of the text.,https://www.reddit.com/r/TrueFilm/comments/1pvxdgm/inglourious_basterds_the_best_ww2_movie_satire/,post,reviewed,Kept original label after QC/spot-check
"Films that deny the audience 'pleasure' in order to make a point (OBAA and other examples)

This post is inspired by the recent discussions on this sub about PTA's One Battle After Another, its story telling and its potential meaning. I was struck by the structure of OBAA and by Anderson's choice to tell the story in such an unconventional manner. In the plot of the film there was the potential to create a conventional narrative that would have provided the audience with conventional story telling pleasure. This conventional version I'm imagining would place Willa at the centre of the action. She would be the central character, the film would begin and end with her, and we the audience would follow her progress, seeing mostly what she sees and learning what she learns. The pleasure I'm referring to is that of discovering the secrets of her origins as she discovers them - a hidden past that we piece together as she does and the mysteries of her birth and the strangeness of her father were explained. But PTA chose to deny us this pleasure. In stead we know almost everything from the beginning of the film, and we're left to watch Willa discover secrets kept from her, but not from us. The one area of intrigue we are left to discover is in the relationship between the Christmas Club and Lockjaw. Their intentions with regard to Lockjaw are not immediately obvious, and we come to understand them bit by bit as the film progresses. This is a bit of conventional story telling from PTA which sits oddly next to the unconventional story telling elsewhere; just one example of the film's much discussed unevenness in tone. More than once I've heard it argued that this is all deliberate on the part of PTA, his intention being to disrupt our story telling expectations, thereby communicating something of the disorientating experience of the characters, and in a wider sense of our contemporary political culture. The idea made me do a mental search for films that use this technique. I'm inclined to think of such films as postmodern, the reason being that in disrupting conventional, or 'traditional' narrative expectations, we're forced to step outside of the story and think of it more as an object. We think about the significance of the object, where it sits in relation to similar objects that have come before it, and what it may be trying to say to us in that regard. In short, the experience becomes 'meta'. The first example that came to mind is Haneke's Funny Games. This film is the most obvious, boldest example of postmodern story telling in that it explicitly denies the audience conventional story telling pleasure, forcing us to get clever in our reaction to it and think about what Haneke might be trying to say to us (and perhaps this is another sign of the kind of film I'm talking about - that the story teller establishes a direct line of communication between themselves and the audience, in a sense bypassing the story itself). In Funny Games traditional tropes of the home invasion/survival genre are dangled before the audience, only for the pleasure of the pay off to be denied us. It's very frustrating, but at the same time engaging as we wonder 'What is Haneke up to?' It's been suggested that Haneke is trying to make us step back and question our relationship to screen violence, and whether this is a 'pleasure' we should easily permit.",analysis,Reasoning or interpretation is the main substance of the text.,https://www.reddit.com/r/TrueFilm/comments/1pvgj64/films_that_deny_the_audience_pleasure_in_order_to/,post,reviewed,Kept original label after QC/spot-check
"What is a Cinephile?

What do you guys consider a cinephile? Many people here seem to watch more than 350+ movies a year and to me that’s really hard to do considering the time it will take. However, I love movies especially musicals and I would always sit down with my girlfriend to watch a movie almost every night ranging from Sharknado or the Meg 2 to War and Peace (1965 and 1956) and On Gaurd 1997, We do love classical musicals and classic movies like only Angels have wings or Rear Window and we also watch things like The Human Condition, YiYi, The Canes are flying but ofc average movies like Disney, Barbie, Batman animated movies, The Mummy, Club dread, Eurotrip etc, point is the range is just really large. But I think the range tends to stop at mostly experimental films like Dead Man’s Letters where it does start to show some avant-garde and especially when we get to films like La Flor, Out 1, Heimat we havnt seen those and it’s not something we’ll really sit through. I might try it cause I always try to be open minded and respect the work that’s put in but I do tend to lose my interest a little. Most I’ve seen was Napoleon 1927 and Shoah that were pretty long and that’s already pushing it. Movies like 964 Pinocchio just feel like I’m forcing myself to watch it jsut to see what it’s like to be a cinephile but I think we just loves movies but not sure if that makes us a cinephile? Silent films aren’t really my thing either but there are good ones. Other movies that are considered niche for me cause I don’t really hear anyone I know talking about them are; Valley of the Gwangi, The Bronx Warriors, Toy Soldiers, Abbott and Costello Meet Frankenstein, The Clan of the cave Bear, The Slipper and the Rose, Island of Love, Prince of Darkness, Phantom of the Paradise, Princess Tam Tam, Birth of a Nation, Gettysburg (which was really long), Gods and Generals, and Heart of Darkness: A filmmakers Apocalypse. I do love me some Nicolas cage weird movies too lol. I also have seen disturbing films like Serbian film and those I consider those to be on an other level than just horror. So, I really wonder am I just a movie buff rather than a cinephile because I don’t watch experimental films? I took a film class as a fun elective and that was it. A lot of the people in the class started talking about things like blaxploitation movies and I had no idea what they were but I did watch the movie *Sweet Sweetback's Baadasssss Song 1971. I also like classic TV like* Have Gun Will Travel and the Dick Van Dyke Show. I hope this thread gives a little of my familiarity with cinema and movies and where I currently stand but again I do wonder would I be conserved just an above average movie watcher or movie buff rather than calling myself a cinephile? Or what makes a cinephile?",discussion_question,Reasoning or interpretation is the main substance of the text.,https://www.reddit.com/r/TrueFilm/comments/1uhpxbo/what_is_a_cinephile/,post,reviewed,Relabeled during QC: analysis → discussion_question
"I finally watched OBSESSION!

I fell in line with the world. Mob mentality soaked me. I gave up, I gave in. And yeah, I finally watched OBSESSION, and honestly it kinda deserves the hype and it praises the world is giving it right now. A pretty surprisingly well written and we'll directed and obviously well acted movie that immediately hooks the modern audience in with the first scene. I avoid movies that have a certain hype around them. And I definitely avoid horror movies. They scare me. But This movie didn't feel that scary to me. Maybe the real life horrors around me have tamed me to survive the reel life horror. I guess I'm ready for the horror genre, finally. I loved how the movie seemed so simple, contained and claustrophobic and it was completely necessary that took the movie to another level. Curry Barker really showed and proved that expensive sets, millions of budget poured and highly paid stars don't guarantee a great movie. Every single person in this movie was unknown to me and many other people. But now because of this movie, they'll be remembered for a lot of time. Micheal Johnston was amazing in the movie. It's sad to see that Inde Navarette completely overshadowed his brilliant performance with her own magic. But I guess he deserves to be equally appreciated too. And Inde Navarette... I guess that was by far the most compelling performance in a horror movie I have ever come across. The sudden change in emotions, dialogue delivery, actions and expressions tells you how much she and Barker were delved into making the script work, and they did it so convincingly. The script was sophisticated, mundanely funny, surprisingly horrific, convincingly simple. The GenZ language it uses connects the audience far and wide, which makes it more relatable. I liked how barker had connected the ending with the opening of the movie. Nothing felt like a filler, nothing felt unnecessary. Act 1 hooks you up immediately, directly showing, not telling about the loneliness of bear and his unconditional love for Nikki, and his desperate attempt to win Nikki. She e already had put it before his plate, wish he had the courage to say it. Act 2 slowly turns the screws. It accelerates the pacing, drops crucial details, and perfectly primes the engine for the horror to come. Act 3 is where the pressure cooker blows up and culminates in a bloodier fashion, without even losing an ounce of pacing or interest. It gets horrific and poignant, offering zero catharsis and zero relief. The ending made me cry, literally. For me, it's not a horror movie, it's a proper tragedy. Both of the lead characters didn't deserve all of this, even the people around them, they deserved better. And the movie ends up so poignantly that it hurts real bad. The blood washes away, the horror vanishes. The lighting was amazing too. I loved how Nikki was mostly shown in shadows and following bear after the possession. I guess that Nikki was possessed by Bear's dead cat spirit. Like she was keeping an eye on him while he slept and how she stood firm on the ground, waiting for her ""owner"" to come and love her all day and night. so to conclude... To Curry Barker: At 26, when most of us are just trying to survive our daily routines, you built your ambition into a physical reality. You made people rethink their own relationships. You are a lighthouse for aspiring indie auteurs. To Michael Johnston: You were phenomenal.",analysis,Reasoning or interpretation is the main substance of the text.,https://www.reddit.com/r/TrueFilm/comments/1udjddx/i_finally_watched_obsession/,post,reviewed,Kept original label after QC/spot-check
"What are all of Kurosawa’s innovations?

For example , I understand he is credited with the invention of the “buddy cop” film with “Stray Dog.” Many people also credit him with the invention of the “action film” with Seven Samurai. Perhaps the most famous and undisputed example is the story structure used in Rashomon (and maybe the most overtly referenced in popular culture). The man was clearly a genius and is still ahead of his time so I feel there must be other examples of innovations. Do any come to mind for you? Which are your favorites?",discussion_question,"Primarily expresses a judgment, preference, or evaluation with limited development.",https://www.reddit.com/r/TrueFilm/comments/1jodapq/what_are_all_of_kurosawas_innovations/,post,reviewed,Relabeled during QC: opinion → discussion_question
"Is One Battle After Another a critique of state violence? (NO SPOILERS)

Everyone seems to be talking about *One Battle After Another* as a stylish action ride, but I think PTA may have pulled off something way more subversive here. Somehow he manages to slip a critique of hypermilitarized society: detention centers, concentration camps, and the normalization of state violence, past the usual censors, while still delivering us a pretty slick pop-action thriller with chase sequences. As we’ve saw recently with with Jimmy Kimmel, overt critiques of a militarized police state tend to get shut down pretty quick. But by filtering the story through a bumbling clown character (Leo) and the prestige literature of Pynchon, PTA seems to find a way to smuggle a pressing call for a revolutionary & curious mindset into modern public consciousness.",analysis,"Primarily expresses a judgment, preference, or evaluation with limited development.",https://www.reddit.com/r/TrueFilm/comments/1nqthpu/is_one_battle_after_another_a_critique_of_state/,post,reviewed,Relabeled during QC: opinion → analysis
"One of my favourite things in uni was the courses that dissected single books. Does such a thing exist for films?

Probably a dumb question. I didn't get more serious about my love of film until after university, so most of my experience will be speaking to taking a few lit courses at uni. I also loved the courses that were close readings and thorough examinations of single, or a select few, books. I took courses on Joyce, Shakespeare, Russian Lit, etc. where ample time could be spent thoroughly dissecting the works. I'm wondering if anything exists like this for films and directors? Especially that is accessible to those of us who have graduated? I've seen a lot of YouTube videos that go over more popular films that are generally not what I'm interested in. I would, though, love if there were more academic readings of film, from Bresson to Melville, to Seijun Suzuki to current Slow Cinema/Transcendental Cinema filmmakers.",discussion_question,"Primarily expresses a judgment, preference, or evaluation with limited development.",https://www.reddit.com/r/TrueFilm/comments/1uj54xd/one_of_my_favourite_things_in_uni_was_the_courses/,post,reviewed,Relabeled during QC: opinion → discussion_question
"A question about Terence Malick's later films

I am slowly getting into the work of Terence Malick. Having already seen Badlands and Days of Heaven, I plan to watch The Thin Red Line in the coming weeks. I am aware that Malick's films become increasingly less narrative Drive after Tree of Life. I understand some people find his films after this period to be plotless, pointless, self indulgent and pretentious. For those who ate fans of these films, I am curious to learn more about what you enjoyed about them. What worked for you in these films? Do you have to go into these films with a certain mindset in order to appreciate? Do these films contain the depth of his earlier work in a more subtle way? Thanks",discussion_question,"Primarily expresses a judgment, preference, or evaluation with limited development.",https://www.reddit.com/r/TrueFilm/comments/1pupk7v/a_question_about_terence_malicks_later_films/,post,reviewed,Relabeled during QC: opinion → discussion_question
"Looking for more Leftist/Socialist Films

So I've recently been trying to seek out leftist films; I am a leftist with a huge passion for screenwriting and I love films like Sorry to Bother You (2018) andHarlan County U.S.A. (1977). Maybe I just have a hard time finding some but it seems whenever I look online to find any more, I always have a hard time. I would love to have a few recommended of other leftist/anti-capitalist films! I am not just strictly for Western film either but of any.",discussion_question,"Primarily expresses a judgment, preference, or evaluation with limited development.",https://www.reddit.com/r/TrueFilm/comments/1lmssdi/looking_for_more_leftistsocialist_films/,post,reviewed,Relabeled during QC: opinion → discussion_question
"Films where the common man grapples with the cosmic absurdity of everyday life, struggles for agency and self-determination, but is thwarted by circumstance and/or factors beyond their control

I'm looking for movies that explore the human struggle through the common man, or woman in the case of films like *Rosemary's Baby* or *Mother!* where the lead female character is essentially stripped of their agency as a consequence of the patriarchal world they inhabit. I feel like the Coen Brothers explore this theme of deterministic desperation very well. Anyway, here are some other films with similar themes just to give an idea: *Groundhog Day* (1993) *Taxi Driver* (1976) *Midnight Cowboy* (1969) *The Truman Show* (1998) *Barry Lyndon* (1975) *No Country For Old Men* (2007) *The Big Lebowski* (1998) *A Serious Man* (2009) *Raising Arizona* (1987) *Inside Llewyn Davis* (2013) *First Reformed* (2017) *Donnie Darko* (2001) *Dog Day Afternoon* (1975) *Happiness* (1998)",discussion_question,"Primarily expresses a judgment, preference, or evaluation with limited development.",https://www.reddit.com/r/TrueFilm/comments/1jjtm2n/films_where_the_common_man_grapples_with_the/,post,reviewed,Relabeled during QC: opinion → discussion_question
"Unheimlich/Uncanny film suggestions

I'm writing a big paper on uncanny films. What are some films that cause the feeling of uncanny anxiety in you? Picture the man behind Winkies dinner in Mullholland Drive or the beach scene in Under the Skin. Something more disquieting and disturbing than just scary. The best film that matches what I'm looking for so far is Cure (dir. Kiyoshi Kurosawa) Here's my list so far [https://boxd.it/vBJku](https://boxd.it/vBJku)",discussion_question,"Primarily expresses a judgment, preference, or evaluation with limited development.",https://www.reddit.com/r/TrueFilm/comments/1jjqzz0/unheimlichuncanny_film_suggestions/,post,reviewed,Relabeled during QC: opinion → discussion_question
"I agree with all of this. The idea that someone ages fast enough to not be bogged down by societal expectations is a big part of the film. She sees these rules as absurd that most have accepted without thought. I think they captured awkward adolescent sexual awakening really well and presented adult sex in many different lights. I think the message was that sex, and even sex work, isn’t an inherently shameful act.",analysis,"Primarily expresses a judgment, preference, or evaluation with limited development.",https://www.reddit.com/r/TrueFilm/comments/1s8vnax/in_poor_things_2023_was_the_message_really/odko3i2/,comment,reviewed,Relabeled during QC: opinion → analysis
"Akira Kurosawa also famously said, upon, Ray's death, that Abbas Kiarostami inherited his mantle. I think that's very true, especially 70s and 80s Kiarostami. Films like *The Traveller* and *Where Is My Friend's House* really feel Apu trilogy-adjacent, as does the directorial debut of Kiarostami's protege Jafar Panahi, *The White Balloon*.",analysis,"Primarily expresses a judgment, preference, or evaluation with limited development.",https://www.reddit.com/r/TrueFilm/comments/1log6yc/satyajit_rays_influence/n0mq620/,comment,reviewed,Relabeled during QC: opinion → analysis
"As a high fps gamer, watching the new Avatar in variable frame rate is, quite simply, jarring!

I loved the 48fps scenes in 3D IMAX. The higher frame rate, somehow, improves the image quality. Some of the flying and action shots looked stunning. That said, the sudden back and forth between 24 and 48 fps almost ruined the movie for me. It constantly pulled me out of the experience and had me wondering how this made it through screening tests. I initially assumed I was just sensitive to it because I play video games at 144 Hz—but my wife walked out saying the movie sometimes looked like it was dropping frames. Did anyone else find this as distracting as I did?",opinion,"Primarily expresses a judgment, preference, or evaluation with limited development.",https://www.reddit.com/r/TrueFilm/comments/1pwo7p2/as_a_high_fps_gamer_watching_the_new_avatar_in/,post,reviewed,Kept original label after QC/spot-check
"Dangerous Liaisons (1988) and Valmont (1989). One is better and more Dangerous than the other. Both had perfect casting.

I wish people would talk about Stephen Frears' Dangerous Liaisons (1988) more, which is an amazing and devastating film. But I think it's also a curiosity that Miloš Forman of all directors (having made Amadeus and One Flew Over the Cuckoo's Nest) made an inferior but still fascinating version of the same story (Valmont, 1989) with the same characters, released less than a year later. Something crazy is that they shot these films on location in France at the same time, with the cast and crew often interacting with one another. The casting for both films was incredible, and every actor nailed the role in different ways. Both are worth watching. It's fun to debate whose of each performance was better. |Character|**Dangerous Liaisons (1988)**|**Valmont (1989)**| |:-|:-|:-| |**Merteuil**|Glenn Close|Annette Bening| |**Valmont**|John Malkovich|Colin Firth| |**Tourvel**|Michelle Pfeiffer|Meg Tilly| |**Cécile**|Uma Thurman|Fairuza Balk| |**Danceny**|Keanu Reeves|Henry Thomas|",opinion,"Primarily expresses a judgment, preference, or evaluation with limited development.",https://www.reddit.com/r/TrueFilm/comments/1nrcuqn/dangerous_liaisons_1988_and_valmont_1989_one_is/,post,reviewed,Kept original label after QC/spot-check
"Random thought. I'm sad we don't have Bill Paxton any more

I'm British. I love a good actor. Likewise, I love a selfless actor who is there for the story. Bill was selfless, but he also had great timing, in comedy and drama. He was always there to be whatever the script needed. Be that an abject coward or the comedic relief. Yes I can't handle my drink any longer and yes I've had 1 2/3's of a beer, but I just saw his picture, and it made me sad. RIP, Bill. You were great, and you'll live as long as the films you were in <3",opinion,"Primarily expresses a judgment, preference, or evaluation with limited development.",https://www.reddit.com/r/TrueFilm/comments/1lmt6sx/random_thought_im_sad_we_dont_have_bill_paxton/,post,reviewed,Kept original label after QC/spot-check
"I meant I've never seen anyone before this post claim Seven Samurai was the first action movie. I did read the post before reading your comment on it. ;) Good point about heist movies, that's true. I love the way The Asphalt Jungle structures all those introductions - we meet one character, through whom we meet another, and then we meet another one or two through one of them, and maybe another through one of the first couple, and another through the fourth or fifth, etc. It's a lot of characters to meet in the first act of the film - the corrupt cop, his boss, all the guys involved in the heist, including the guys supposedly working on the funding, plus the rich guy's mistress... which is a total of what, like ten characters? Something like that. All in probably ten or fifteen minutes.",analysis,"Primarily expresses a judgment, preference, or evaluation with limited development.",https://www.reddit.com/r/TrueFilm/comments/1jodapq/what_are_all_of_kurosawas_innovations/mkrg60c/,comment,reviewed,Relabeled during QC: opinion → analysis
"I saw it in a documentary where many directors talked about it--if I find it I'll post it--but google pulls up many articles. He is largely credited with being the first to shoot directly at the sun. Perhaps because he was the most famous and Rashomon was so highly regarded, or because how important lighting was to Rashomon. I think in that same documentary they talked about how some 1920's or 30's porn director (or other exploitation films) was upset that Kurosawa got the credit when he was the one that first actually shot the sun many years before.",opinion,"Primarily expresses a judgment, preference, or evaluation with limited development.",https://www.reddit.com/r/TrueFilm/comments/1jodapq/what_are_all_of_kurosawas_innovations/mkr5ff7/,comment,reviewed,Kept original label after QC/spot-check
"I have to admit, ""This masterpiece of Kurosawa's later period, revered by fans and critics alike, is total trash and a waste of time"" is a very big, lonely hill to die on. I salute your belligerant, defiant ignorance!",opinion,"Primarily expresses a judgment, preference, or evaluation with limited development.",https://www.reddit.com/r/TrueFilm/comments/1lok0bw/i_saw_ran_by_kurosawa_today_in_a_cinema_for_the/n0nik22/,comment,reviewed,Kept original label after QC/spot-check
"Yeah, I think this about sums it up, even though I don't think that's Lanthimos' intent. A lot of people may talk favorably about female empowerment or whatever, but many seem to think that it all boils down to promoting women having lots of promiscuous sex (preferably with them, though they might not say this last part out loud). Me thinks we need slightly more varied/nuanced vehicles to explore this topic.",analysis,"Primarily expresses a judgment, preference, or evaluation with limited development.",https://www.reddit.com/r/TrueFilm/comments/1s8vnax/in_poor_things_2023_was_the_message_really/odkiz19/,comment,reviewed,Relabeled during QC: opinion → analysis
"Which is your favourite movie from this land part-1, Country -Japan!!

So in this thread people can suggest movies with any genres, from any directors which are produced and made in one particular country. It's like convincing an internet stranger why you want them to watch it using that movie theme or value it holds on your experience (no spoilers and story reveal of course). Well we can start this thread with Japan. Japan has historically produced a good number of movies which can be considered as classics. But everyone has their own favourites when it comes to movies. It's difficult but for now I choose ***Ikiru*** as my favourite. Because of its take on the importance of living and leaving something behind!!",discussion_question,"Primarily expresses a judgment, preference, or evaluation with limited development.",https://www.reddit.com/r/TrueFilm/comments/1uh6eav/which_is_your_favourite_movie_from_this_land/,post,reviewed,Relabeled during QC: opinion → discussion_question
"Film recommendations to deal with depression (caused by academic pressure)

I'm going through a very difficult time emotionally. I have felt enormous pressure to pass the entrance exam, study constantly and achieve goals that seem impossible. This has sunk me into a deep depressive state, where I feel exhausted, lost and without the energy to even do things I used to enjoy. I came here looking for recommendations for films that could help me process these feelings — works that sensitively deal with themes such as pressure, failure, loneliness, self-knowledge or overcoming. I'm not looking for cheap motivation, but films that really speak to this type of pain. I would really appreciate it if you could share titles that made a difference to you in difficult times too.",discussion_question,"Primarily expresses a judgment, preference, or evaluation with limited development.",https://www.reddit.com/r/TrueFilm/comments/1lmlmij/film_recommendations_to_deal_with_depression/,post,reviewed,Relabeled during QC: opinion → discussion_question
"I think this is a really nuanced point that sharpens the questions OP is grappling with in the post. I watched this movie with my girlfriend and it's one of those movies where a man can't help but think what it must be like for a woman to watch it. You describe the difference between the liberation of a woman who breaks free from her shackles, and the liberty of a woman who has never known the yoke that other women are born under. Emma Stone's state is the natural human state really - the story just allows us to examine from a different angle that state of freedom and how society attempts to stifle or destroy it. The yoke isn't there from the start, it is imposed. I think the next question naturally follows: like children are born innocent, aren't all women born free?",analysis,"Primarily expresses a judgment, preference, or evaluation with limited development.",https://www.reddit.com/r/TrueFilm/comments/1s8vnax/in_poor_things_2023_was_the_message_really/odkrlvi/,comment,reviewed,Relabeled during QC: opinion → analysis
"“Oddity” – Surreal, Disturbing, and Unforgettable!

Just watched Oddity and I have to say it’s one of the most unique horror films I’ve seen in a long time. The way it blends surreal imagery with psychological terror is honestly genius. The story feels like a nightmare that you can’t wake up from, and the tension keeps building until you’re fully trapped in its eerie world. What I loved most is how it doesn’t rely on cheap jump scares. Instead, it gets under your skin with its strange atmosphere, haunting visuals, and that constant sense that something isn’t quite right. It’s disturbing in a way that lingers, even after the credits roll.",opinion,"Primarily expresses a judgment, preference, or evaluation with limited development.",https://www.reddit.com/r/TrueFilm/comments/1nr50j1/oddity_surreal_disturbing_and_unforgettable/,post,reviewed,Kept original label after QC/spot-check
Another example would be The Treasure of the Sierra Madre: Bogart and Tim Holt briefly work on a Mexican oil rig (and get screwed out of their wages) in an opening subplot that sets up their characters and their desperation before the main plot about finding gold in the mountains. I think that would be a clearer example.,opinion,"Primarily expresses a judgment, preference, or evaluation with limited development.",https://www.reddit.com/r/TrueFilm/comments/1jodapq/what_are_all_of_kurosawas_innovations/mkrfgf9/,comment,reviewed,Kept original label after QC/spot-check
"An weird but interesting film find

Came across this indie sci-fi film called Superno on one of those free streaming platforms (can’t remember if it was Tubi or Plex). It’s pretty rough around the edges — definitely low budget — but it has a strange atmosphere that stuck with me. The plot is kind of ambiguous, but the imagery is haunting in a good way. Lots of long silences, dream-like shots, and some scenes that felt borderline Lynchian. Not a perfect film by any means. The pacing is uneven, and there were moments where I wasn’t sure if it was being deep or just obscure for the sake of it. But it does something interesting with mood and isolation. Feels more like a vibe than a traditional narrative. Curious if anyone else here has seen it? Would be cool to hear other takes — I’m still not sure if I liked it or if it just got under my skin.",opinion,"Primarily expresses a judgment, preference, or evaluation with limited development.",https://www.reddit.com/r/TrueFilm/comments/1lo9dhd/an_weird_but_interesting_film_find/,post,reviewed,Kept original label after QC/spot-check
"Looking for insightful book/s on cinema

Hello everyone, I have been browsing through several best-of lists of books on and about cinema and I would like to have your opinion on the subject. To wit: I am not looking for a very serious, in-depth history of world cinema. But, as much as I enjoyed reading ""Hollywood Babylon"" as a teenager, I do not want a full-on, no-holds-barred exposé either. Is there a book about classic Hollywood cinema that manages to cover both serious analysis and insightful examples? For instance, I read an article last week about how John Wayne started to use toupees when he turned a certain age. I do not consider that remark as an example of mean, idle gossip but a serious remark that tells about Hollywood's strict regimentation on the representation of human beauty. Could anyone please help me with my query? Thanks in advance for your help and attention.",discussion_question,"Primarily expresses a judgment, preference, or evaluation with limited development.",https://www.reddit.com/r/TrueFilm/comments/1pvn26i/looking_for_insightful_books_on_cinema/,post,reviewed,Relabeled during QC: opinion → discussion_question
"Anything this movie has to say about patriarchy is invalidated by the scene where a man has sex with Bella in front of his two young boys. Bella doesn't object, the movie plays it entirely for laughs, doesn't comment on it and just moves on. Even the most progressive filmmakers fall victim to the ""sexual assault is actually funny and somewhat charming if the victim is a man/boy"" trope. Gross. I found the film incredibly surface level regardless of that scene, but that scene was what made me go ""oh so it is that shallow, I'm not missing anything"". Bugonia is the only lanthimos film I've enjoyed, because it mostly abandons his obnoxious ironic/faux surrealistic tone, and probably because it's an remake of a preexisting film.",analysis,"Primarily expresses a judgment, preference, or evaluation with limited development.",https://www.reddit.com/r/TrueFilm/comments/1s8vnax/in_poor_things_2023_was_the_message_really/odlaidn/,comment,reviewed,Relabeled during QC: opinion → analysis
"Symbolism in the opening scene of Samira Makhmalbaf's Blackboards (2000)

I was watching Mark Cousins' 2018 documentary series Women Make Film: A New Road Movie Through Cinema and in the first episode, which deals with opening scenes, one of the opening scenes that is shown is from Samira Makhmalbaf's film Blackboards. In talking about the scene, the narrator say ""multiple symbols, all front loaded in this opening scene,"" but I must admit I'm not understanding/finding the symbolism, which is something I'm generally not good at. Could someone please explain what the symbolism is in that opening scene? I think it might be a good lesson/demonstration for me to maybe pick up on it better in the future.",discussion_question,"Primarily expresses a judgment, preference, or evaluation with limited development.",https://www.reddit.com/r/TrueFilm/comments/1lmalsk/symbolism_in_the_opening_scene_of_samira/,post,reviewed,Relabeled during QC: opinion → discussion_question
"What films from traditional Japanese Cinema should I watch before 'MIllenium Actress' (2001)

Howdy! I've been working my way through Satoshi Kon's catalog. So far I've finished *Perfect Blue*, *Paranoia Agent,* and *Paprika.* I've loved all of them so far. I understand *Millenium Acress* to be following the life of a Japanese Actress, as well as referencing themes of Japanese Cinema. I try not to research too much into movies I watch (spoiler reasons), but that doesnt mean I like go in completely blind. I dont think ive seen anything from Japan pre-2000 that wasnt animated, so I figured now would be a good time to widen my horizons. If you have film reccomendations that would help me enjoy the cultural context of *Millenium Actress* more without spoiling anything, let me know! Feel free to add extra info you might think is useful.",discussion_question,"Primarily expresses a judgment, preference, or evaluation with limited development.",https://www.reddit.com/r/TrueFilm/comments/1uflbea/what_films_from_traditional_japanese_cinema/,post,reviewed,Relabeled during QC: opinion → discussion_question
This may be my favorite example so far and I’m loving all of them. Thank you for sharing that,opinion,"Primarily expresses a judgment, preference, or evaluation with limited development.",https://www.reddit.com/r/TrueFilm/comments/1jodapq/what_are_all_of_kurosawas_innovations/mkrm12l/,comment,reviewed,Kept original label after QC/spot-check
"I still need to watch more of his films, but I love the ones I’ve seen. Some of the best instances of “show don’t tell” characters studies. Charulata and The Music Room are my personal favourites. I feel he has this way of making tragedies somehow optimistic, though can’t put my finger on why. The freeze frame at the end of Charulata, the >!protagonist in The Music Room falling off of his horse!<. It’s something I’ve only really seen him pull off with such success. I think it’s what warranted that quote from Kurosawa. There’s always a sense of hope. I also have a soft spot for traditional Indian epics, and even just Indian history, so seeing traces of that in his films is a plus.",analysis,"Primarily expresses a judgment, preference, or evaluation with limited development.",https://www.reddit.com/r/TrueFilm/comments/1log6yc/satyajit_rays_influence/n0mqsnv/,comment,reviewed,Relabeled during QC: opinion → analysis
"Watched Kummatty yesterday, what other visually stunning films should I check out?

Yesterday I watched Kummatty and it might be one of the most beautiful films I’ve ever seen. I really enjoyed the story and have my own interpretation of it, but what amazed me most were the visuals, every shot felt so carefully composed and alive. It honestly makes me laugh a little that modern movies with budgets in the hundreds of millions don’t even come close when it comes to cinematography and color composition. Kummatty felt like pure visual poetry, and now I’m curious what other films put the same kind of emphasis on the beauty of each shot.",discussion_question,"Primarily expresses a judgment, preference, or evaluation with limited development.",https://www.reddit.com/r/TrueFilm/comments/1ns22ag/watched_kummatty_yesterday_what_other_visually/,post,reviewed,Relabeled during QC: opinion → discussion_question
"I think it's also the earliest ""Assembling a team of specialized misfits to do a difficult task"" movie",opinion,"Primarily expresses a judgment, preference, or evaluation with limited development.",https://www.reddit.com/r/TrueFilm/comments/1jodapq/what_are_all_of_kurosawas_innovations/mkr90j8/,comment,reviewed,Kept original label after QC/spot-check
"What are your favorite switches to ""Objective Detachment"" in the middle of a climactic/action scene?

This is a tough question to word, so I'll try my best to explain here. By saying ""objective detachment"" I'm trying to refer to moments where the director pulls back, shows the events of the film in the context of the environment around them. Shifting the perspective from being on the ground with the characters to being a fly on the wall. An easy example for me to recall is in 2001: A Space Odyssey when HAL sends one of the astronauts into space. There's plenty of sound, action, and even some faster cutting leading up to this moment, then the film goes silent while we watch this wide shot of the character flailing through space. It's unsettling yet weirdly calm. I can't think of other specific examples but I think there's a few moments like this in No Country For Old Men and Killers Of The Flower Moon.",discussion_question,"Primarily expresses a judgment, preference, or evaluation with limited development.",https://www.reddit.com/r/TrueFilm/comments/1noml9n/what_are_your_favorite_switches_to_objective/,post,reviewed,Relabeled during QC: opinion → discussion_question
Imagine calling yourself KubrickFan and being so apparently devoid of the language of cinema that you instead pick out bizarre observations that invalidate it in your eyes rather than seeing Ran for the masterpiece it is.,opinion,"Primarily expresses a judgment, preference, or evaluation with limited development.",https://www.reddit.com/r/TrueFilm/comments/1lok0bw/i_saw_ran_by_kurosawa_today_in_a_cinema_for_the/n0nj4te/,comment,reviewed,Kept original label after QC/spot-check
"I love Dr Mabuse: The Gambler so much. It's a perfect fusion of gritty crime drama and cartoonish adventure serial. It's probably the closest historical analogue to artistically ambitious superhero films like The Crow and The Dark Knight. For a long time it was my favorite Fritz Lang movie, though I think M has now overtaken it for me. Side note: I recently finished reading Gravity's Rainbow, and I was shocked by how often Dr Mabuse and other Weimar-era films were relevant to the plot and themes. There's even an entire chapter that's mostly devoted to Rudolf Klein-Rogge.",opinion,"Primarily expresses a judgment, preference, or evaluation with limited development.",https://www.reddit.com/r/TrueFilm/comments/1lnyece/dr_mabuse_the_gambler_an_early_blockbuster/n0kqnj9/,comment,reviewed,Kept original label after QC/spot-check
"Make Way For Tomorrow and It's a Wonderful Life are both movies that I think you could consider ""end of life crisis movies"", but that's just off the top of my head. I'm sure there are many other and better examples out there.",opinion,"Primarily expresses a judgment, preference, or evaluation with limited development.",https://www.reddit.com/r/TrueFilm/comments/1jodapq/what_are_all_of_kurosawas_innovations/mkrpfxm/,comment,final_qc_relabel,Final QC: primarily gives film recommendations/evaluations rather than developing a sustained interpretation.
I feel like not enough people have seen Dreams - that may be why. I've been meaning to watch it but still haven't yet. I don't think it's as widely seen as a lot of his others.,opinion,"Primarily expresses a judgment, preference, or evaluation with limited development.",https://www.reddit.com/r/TrueFilm/comments/1jodapq/what_are_all_of_kurosawas_innovations/mkrnuol/,comment,reviewed,Kept original label after QC/spot-check
"I love Satyajit Ray, every fim I've watched of his I have fallen deep in love with. It's hard to pick an overall favourite, I sometimes single out 'The Music Room' but I could easily hold it alongside 'Charulata', 'The Big City' or 'Days and Nights in the Forest'. Other stuff I've loved is 'The Adversary' and 'The Hero' both great films and of course the almighty Apu trilogy.",opinion,"Primarily expresses a judgment, preference, or evaluation with limited development.",https://www.reddit.com/r/TrueFilm/comments/1log6yc/satyajit_rays_influence/n0mp8ij/,comment,reviewed,Kept original label after QC/spot-check
I always recommend to people starting their film journey to watch Citizen Kane and then watch it with the Roger Ebert commentary. Even if you enjoyed the film the first time his explanation of what makes it so brilliant makes you really see what it's considered so great.,opinion,"Primarily expresses a judgment, preference, or evaluation with limited development.",https://www.reddit.com/r/TrueFilm/comments/1lok0bw/i_saw_ran_by_kurosawa_today_in_a_cinema_for_the/n0nlanu/,comment,reviewed,Kept original label after QC/spot-check
"The Hero was the film that got me into films, one of my favorites as well",opinion,"Primarily expresses a judgment, preference, or evaluation with limited development.",https://www.reddit.com/r/TrueFilm/comments/1log6yc/satyajit_rays_influence/n0mzbic/,comment,reviewed,Kept original label after QC/spot-check
"I think a key to the scene is that Igor gives her ring first which sets off automatic response in Anora's mind that she owes him sexually. It's realizing this that reinforces that she's already gone back to acting like a prostitute and that her desperation to not be poor anymore has hijacked any other feelings she could have, as seen by talking herself into Ivan fairy tale and lying to herself that it's not about the money.",analysis,"Primarily expresses a judgment, preference, or evaluation with limited development.",https://www.reddit.com/r/TrueFilm/comments/1jo8u81/anora_can_someone_develop_on_this_parallel_for_me/mkqvay9/,comment,reviewed,Relabeled during QC: opinion → analysis
"Critically understanding and forming opinions on movies.

Hello, I went to watch a movie, and after the film, I realized that I struggle to tell whether a movie is good or bad. Not with movies that are obviously good or bad — those are easy — but with everything in between. I understand the movies just fine; I just can't tell if they’re actually *good*. Is there anything I can do to help with this? And anything that can make me objectively understand a movie is good , I understand everyone has different tastes but sometimes I feel just movie blind. thanks :)",discussion_question,"Primarily expresses a judgment, preference, or evaluation with limited development.",https://www.reddit.com/r/TrueFilm/comments/1lnp1dt/critically_understanding_and_forming_opinions_on/,post,reviewed,Relabeled during QC: opinion → discussion_question
I think it's an even more interesting piece if Lanthimos made it accidentally!,opinion,"Primarily expresses a judgment, preference, or evaluation with limited development.",https://www.reddit.com/r/TrueFilm/comments/1s8vnax/in_poor_things_2023_was_the_message_really/odkkb3b/,comment,reviewed,Kept original label after QC/spot-check
"Honestly, I think it does offer a fairly unprecedented access to classic cinema. Not a panacea, but something impressive. Imagine telling a cinephile 20 or 30 or 50 years ago that they could have instant access to almost the entire the Ozu, Kurosawa, Bergman, Rossellini, Renoir, Chaplin, Tarkovsky, Tati, Varda filmographies. And all the best Powell & Pressburger, Buster Keaton, Masaki Kobayashi, etc. movies.",opinion,"Primarily expresses a judgment, preference, or evaluation with limited development.",https://www.reddit.com/r/TrueFilm/comments/1joglsl/70s_new_hollywood_and_the_failure_of_the_promise/mkrsxjc/,comment,reviewed,Kept original label after QC/spot-check
"Yeah really good point and kind of helping me continue my thought regarding Easy Riders, Raging Bulls. The last section of the book is about how Jaws and Star Wars changed the film industry forever, and I feel like we have been in a similar transition over the past 5-10 years.",analysis,"Primarily expresses a judgment, preference, or evaluation with limited development.",https://www.reddit.com/r/TrueFilm/comments/1joglsl/70s_new_hollywood_and_the_failure_of_the_promise/mkrqce5/,comment,reviewed,Relabeled during QC: opinion → analysis
Yeah I would say Pink Flamingo's is not for you. There are some genuinely not cool things that happen that aren't fake. Like everyone think it's the shit eating but there's some sex stuff that is Bad in a bad way. And I think that's what makes a film too disgusting to watch—when what's happening is actually happening it doesn't feel like entertainment. \------ Also just FYI not a movie but I would put out there do not watch Baby Reindeer which has been recommended a lot lately. It's billed as something about stalking but the more disturbing plot has to do with particularly disturbing rape/sexual abuse that I wish I had been warned about and as good as the show was I wish I hadn't watched it and wouldn't have if I'd known about that.,opinion,"Primarily expresses a judgment, preference, or evaluation with limited development.",https://www.reddit.com/r/TrueFilm/comments/1jlxp1r/compared_to_the_holy_mountain_how_disturbing_is/mkqrmdb/,comment,reviewed,Kept original label after QC/spot-check
"Open Discussion For This Social Realism Masterpiece

[SCUM - Alan Clarke (Social Realism) 1979](https://www.youtube.com/watch?v=hHcR6ACoizg) what does *Scum* really say about authority, violence, and survival? Is Carlin a product of the system, or proof that the system shapes people into what it needs like leaders, victims, enforcers? Does the “Daddy” role expose how power shifts, or just repeat the same abuse in a different mask? What does it mean when order relies on fear? Is rehabilitation even possible in this world?",discussion_question,"Primarily expresses a judgment, preference, or evaluation with limited development.",https://www.reddit.com/r/TrueFilm/comments/1lm816l/open_discussion_for_this_social_realism/,post,reviewed,Relabeled during QC: opinion → discussion_question
"I love this score but have never been good at analyzing music. Today at work I listened again, reading through your notes for each song, and it really connected with me in a new way. This was a great read and I'm so glad I found it!",opinion,"Primarily expresses a judgment, preference, or evaluation with limited development.",https://www.reddit.com/r/TrueFilm/comments/16mxke3/oppenheimer_a_soundtrack_in_analysis/n0n84p6/,comment,reviewed,Kept original label after QC/spot-check
"Are you me? The Matrix trilogy really got me obsessed with purpose for such a long time that it became unhealthy. What I love about Resurrections is that it deconstructs that obsession in a way that spoke to me at the stage of life I was in when it came out. I had just left an Evangelical cult I lived in for most of my life, left behind family and friends, and, while it was lonely and scary, I was finally free and was trying to find a way to express how I left that life behind. Resurrections was not a perfect film, but it's vibe was exactly what I needed when it was released. I think younger me who obsessed over the original trilogy would hate it. But, older me, who has seen some shit and been through some shit, needed this breath of fresh air.",opinion,"Primarily expresses a judgment, preference, or evaluation with limited development.",https://www.reddit.com/r/TrueFilm/comments/1lnpz07/i_recently_re_watched_matrix_reloaded_revolutions/n0llre3/,comment,reviewed,Kept original label after QC/spot-check
"I think the word ""reducing"" comes from the way SOME analysis can treat it's subject matter. If one's analysis finds a single interpretation that fits correctly, all we are left with is a thesis. Which is far less interesting than a movie. Even if it's maybe academically interesting to point out how every decision of performance, blocking, costume, editing, etc. builds to a central thesis, all of those words are completely boring next to the art itself. Susan Sontag puts it far better than I ever could. Her essay really is worth a read.",analysis,"Primarily expresses a judgment, preference, or evaluation with limited development.",https://www.reddit.com/r/TrueFilm/comments/1s8vjmg/what_if_asking_what_does_this_film_mean_is_not/odlgywb/,comment,reviewed,Relabeled during QC: opinion → analysis
"Basically I'm trying to understand on what basis you're judging one way of talking about films as ""better"". Without knowing that it's impossible to assess whether your argument is sound or not. Maybe the fact that you think films can be judged objectively is enough of an answer to that question. I do think you're misinterpreting OP's post. I don't see them dismissing expertise. Or even refining your taste. I'm not sure understanding how a film creates feelings requires any less expertise than understanding its meaning. (I feel like talking about feeling and meaning as distinct is probably a mistake, but that's another matter.) Unfortunately (or maybe not) I read this just before bed so I've hour s bunch of thoughts binding around in my head and no time to write them out.",analysis,"Primarily expresses a judgment, preference, or evaluation with limited development.",https://www.reddit.com/r/TrueFilm/comments/1s8vjmg/what_if_asking_what_does_this_film_mean_is_not/odlc2js/,comment,reviewed,Relabeled during QC: opinion → analysis
I enjoyed the film but found too many of the lines to be too enigmatic and overly-cryptic. Maybe that’s just me having trouble to decipher poetic verse but I’m wondering if you had the same experience.,opinion,"Primarily expresses a judgment, preference, or evaluation with limited development.",https://www.reddit.com/r/TrueFilm/comments/16quz6q/some_afterthoughts_and_questions_about_on_the/mkrjpk4/,comment,reviewed,Kept original label after QC/spot-check
"It's amazing, for sure, and even as a standalone, makes perfect sense if your brain works & you pay attention (which most people don't, hence the negative reactions). Brilliantly cast, as well, and all of them brought their A game. My friends & I decided back in 06 that the metric for appreciation hinged on whether the viewer understood what was really happening in the world- if they did, they loved it, & if not, not. What's particularly interesting is the parallels with Megalopolis (a similarly maligned masterpiece hated by ignorant throngs)- I call that film a cross between Metropolis, Julie Taymor's Titus, & ST. When i first heard the name Wow Platinum, it seemed like an idirect homage to Krysta Now. It's a tragedy that neither film was duly respected, but thank god that true artists will continue making their like, regardless.",opinion,"Primarily expresses a judgment, preference, or evaluation with limited development.",https://www.reddit.com/r/TrueFilm/comments/ca61zo/the_first_draft_of_richard_kellys_southland_tales/mkqq38i/,comment,reviewed,Kept original label after QC/spot-check
"I loved this movie so much. I felt bad for Nana Peazant because her daughters were denying their roots and wanted to escape the only bit of heritage they had left from their ancestors. And they disrespected Yellow Mary not realizing she was hurt by her journey away from home. They wanted to adopt European ways of living instead of continuing to pass down the teachings of our roots. This is why a lot of us in 2025 frown upon any West African cultural practices or references. They wanted to get away from it not realizing that later generations would become completely detached from their roots and either have so many questions with no one to answer, or feel so disconnected from it that they refute the existence of our ancestral past. The movie was beautiful and a representation of a lot of our Southern families that we weren’t alive to meet. Especially if you have Igbo roots.",opinion,"Primarily expresses a judgment, preference, or evaluation with limited development.",https://www.reddit.com/r/TrueFilm/comments/13ni7gp/i_really_didnt_enjoy_daughters_of_the_dust/mkqh2ph/,comment,reviewed,Kept original label after QC/spot-check
"I just wanted to say that I'm a huge fan of this film. I too loved the beautiful and stylish, ""*Triplets of Bellville*,"" but the Illusionist is gorgeous. As much as I Love the Characters, Story and Design et al, the Environments are spectacular. My S.O. and I had been to Scotland just before this was released, so it was a wonderful Letter from Home... sigh...",opinion,"Primarily expresses a judgment, preference, or evaluation with limited development.",https://www.reddit.com/r/TrueFilm/comments/smewk/questionsthoughts_about_the_illusionist_2010_and/mkq8k8f/,comment,reviewed,Kept original label after QC/spot-check
I really enjoyed Wall-E but it's pretty absurd that we're supposed to root for humanity and see the ending as positive after humans literally wiped out all life on the planet through our greed.,analysis,"Primarily expresses a judgment, preference, or evaluation with limited development.",https://www.reddit.com/r/TrueFilm/comments/1lkjl42/i_really_enjoyed_walle_but_its_pretty_absurd_that/,post,reviewed,Relabeled during QC: opinion → analysis
"Nine years, too late, however, the film deserves a mention. Last night, MUBI showed the film was leaving 'tonight'. It was 1:10 am, already late by my routine. However, the thought that I wouldn't get to watch the film anytime soon prompted me to check the duration. At almost 85 minutes, I thought, I could manage. Little did I knew, not only did I manage, the film devoured me. I have my grievances but I can easily say it was one of the best films I have watched in recent times.",opinion,"Primarily expresses a judgment, preference, or evaluation with limited development.",https://www.reddit.com/r/TrueFilm/comments/4t2e0t/suzhou_river_2000_a_mess_a_masterpiece_or/n0ls5if/,comment,reviewed,Kept original label after QC/spot-check
"I think you're right, there is that huge French flag behind the dj and a swastika flag is never shown/ would be over the top. not sure what David has to do with it though, does the film imply he's responsible for putting up? iirc yes but how? it's enormous...",opinion,"Primarily expresses a judgment, preference, or evaluation with limited development.",https://www.reddit.com/r/TrueFilm/comments/z38omi/the_purpose_of_race_in_gaspar_noes_climax_2018/n0l2xji/,comment,reviewed,Kept original label after QC/spot-check
"Is The Story of Film using an unusual definition of “assimilationist filmmaking”?

The narrator refers to directors like Coppola, Peckenpaugh, Terrence Malik as ""assimilationist"" but when I search the term, I also see Coppola’s films getting called ANTI-assimilationist. I think the series is referring to those directors as assimilating older forms of filmmaking into their own work, as in assimilating Western genre tropes into NY crime films. When I look up the term, it is a more expected definition about normalizing othered ethnic groups through cinema.",discussion_question,"Primarily expresses a judgment, preference, or evaluation with limited development.",https://www.reddit.com/r/TrueFilm/comments/1nsrjgw/is_the_story_of_film_using_an_unusual_definition/,post,reviewed,Relabeled during QC: opinion → discussion_question
"Fine to disagree. And honestly, I like it when films have antagonists that have believable desires and not just ""turn the whole world into vampires"" schtick that we've seen a million times before. But like I said, the best antagonists usually have a desire that is so overwhelmingly opposed to what the protagonist wants that it creates a clash - they both can't achieve their goals, hence drama is created. And it's not about simplifying things for idiotic streaming audiences. But it's about creating a clarity of intention, stakes and drama that to me heightens everything and makes films more satisfying. There's something to me deeply unsatisfying about Sinners, even though for most of the film I was relatively engaged and wanting to like it.",opinion,"Primarily expresses a judgment, preference, or evaluation with limited development.",https://www.reddit.com/r/TrueFilm/comments/1s6ir5n/sinners_and_its_incredibly_clumsy_halfbaked/odll7ha/,comment,reviewed,Kept original label after QC/spot-check
"I think Project Hail Mary even makes it intentionally hard for anyone to judge it for that. Though I've seen people try. It very much has something for everyone, in the... not in the best sense, but in a good sense. I found the score especially hard to argue with.",opinion,"Primarily expresses a judgment, preference, or evaluation with limited development.",https://www.reddit.com/r/TrueFilm/comments/1s1d2zh/project_hail_mary_is_what_people_have_been_saying/odlffs7/,comment,final_qc_relabel,Final QC: primarily expresses an evaluation of Project Hail Mary and its score; reasoning is brief.
Underrated comnent. Very well put. I'd also add that thinking in film bro or whatever terms rarely helps when talking about a particular movie with another individual.,opinion,"Primarily expresses a judgment, preference, or evaluation with limited development.",https://www.reddit.com/r/TrueFilm/comments/1s1d2zh/project_hail_mary_is_what_people_have_been_saying/odlet2n/,comment,reviewed,Kept original label after QC/spot-check
"i'm a 'find the central metaphor' guy. but i'm enjoying the op's perspective and questions. one thing, though. you and op both talk about 'reducing' with this kind of analysis/interpretation. i personally feel the other way. that finding a central metaphor is a way for me to interrogate a thousand creative choices made by everyone on the movie. for me, i look closely at the million pieces of a movie to see how they fit together. and i can't think of another way to fit them together than they relate to a central metaphor. i'm not trying to be a contrarian. next time i watch a movie i'm going to ask myself OP's questions (*what kind of movement did this film take me through?, etc...)* before doing my usual central metaphor search. i just don't get the use of the word 'reducing'. I feel like i'm illuminating and airing the movie out in my mind when i contemplate a central metaphor. not for anybody else, just for myself.",analysis,"Primarily expresses a judgment, preference, or evaluation with limited development.",https://www.reddit.com/r/TrueFilm/comments/1s8vjmg/what_if_asking_what_does_this_film_mean_is_not/odkqakl/,comment,reviewed,Relabeled during QC: opinion → analysis
"I'm not black or American so of course I don't have your experience or perspective. There's a documentary I love about this called ""Classified X"", presented by none other than Melvin Van Peebles. Really put so much in perspective for me, because its so easy to be dismissive to modern discourse about race in films when you think of it as this recent or played out thing. Very important to preserve and not censor all this racism to study history and give context to what followed and the whole idea of ""black film"". A big part of why I prefer old movies in general is because I'm also always getting a glimpse into history on the side, the good and the bad. There is racism to this day in other countries that is not so different than what you'd see in a 50's American film. Its very interesting to me as non-westerner.",analysis,"Primarily expresses a judgment, preference, or evaluation with limited development.",https://www.reddit.com/r/TrueFilm/comments/1s7sq6q/how_do_you_feel_about_the_racism_in_old_movies/odki9fz/,comment,reviewed,Relabeled during QC: opinion → analysis
"Blood and Dust: 15 Essential Westerns of the 2020s

The Western genre has always fascinated me, not just because of cowboys and shootouts, but because it reflects the myths, contradictions, and evolving identities of the societies it portrays. I originally planned to compile a list of the greatest Westerns of the twenty-first century, but as I researched, I realized the 2020s alone have produced enough outstanding films to deserve their own list. From revisionist dramas and crime thrillers to horror and sci-fi hybrids, the modern Western continues to reinvent itself while exploring themes like violence, morality, capitalism, identity, and the fading frontier. Here's my list of what I think are the essential Westerns of the 2020s so far. https://thegenrejunkie.com/15-essential-neo-westerns-of-the-2020s/",opinion,"Primarily expresses a judgment, preference, or evaluation with limited development.",https://www.reddit.com/r/TrueFilm/comments/1uhkvdh/blood_and_dust_15_essential_westerns_of_the_2020s/,post,reviewed,Kept original label after QC/spot-check
"Help me find a genre/movies! (Please)

Hi, I consider myself pretty good with books, series and music but I never watched many movies apart from the mandatory disney ones and a few random others (jurassic park, star wars, twilight, harry potter, lotr,...). I've always justified this with my need for continuity because I need to feel connected to characters and I wanna follow their stories around with detail. Anyway, from what I've seen the ones I REALLY enjoyed were Parasite, Late Night With the Devil, Platform and Triangle of Sadness. Can you guys help me figure out more movies that could be from this genre? I really don't want gore, too many war/battle scenes, romcoms and stuff like that.",discussion_question,"Primarily expresses a judgment, preference, or evaluation with limited development.",https://www.reddit.com/r/TrueFilm/comments/1jjz2hj/help_me_find_a_genremovies_please/,post,reviewed,Relabeled during QC: opinion → discussion_question
"Directors list

Hi, i would like to begin to watch every (or almost) movie of the most important directors of all time. Is there an exhaustive list of names on internet to consult where i can check and decide who to start? I like all type of genres and styles from popular one (Nolan, Tarantino) to less known (Bela Tarr, Tsai Ming-liang) so the more varied the list, the better!",discussion_question,"Primarily expresses a judgment, preference, or evaluation with limited development.",https://www.reddit.com/r/TrueFilm/comments/1jiqnka/directors_list/,post,reviewed,Relabeled during QC: opinion → discussion_question
"Looking for more Conservative/Libertarian Films

So I've recently been trying to seek out libertarian films; I am a libertarian with a huge passion for screenwriting and I love films. Maybe I just have a hard time finding some but it seems whenever I look online to find any, I always have a hard time. I would love to have a few recommended of other pro capitalist/libertarian films! I am not just strictly for Western film either but of any.",discussion_question,"Primarily expresses a judgment, preference, or evaluation with limited development.",https://www.reddit.com/r/TrueFilm/comments/1lmuibp/looking_for_more_conservativelibertarian_films/,post,reviewed,Relabeled during QC: opinion → discussion_question
"Looking for a very specific style/genre- what would this be called/does it even exist

Weird, slightly messed up, classic non-American films? Ones that make you feel a little weird and question what you watched. Not necessarily scary or a horror, but more just weird and dark vibe. And psychological. Older classic films. Kind of creepy. Interested in films set outside of America. A long time ago I was reading a thread on Reddit listing movies like this and completely forgot what it was but I think it was a specific style that was mentioned",discussion_question,"Primarily expresses a judgment, preference, or evaluation with limited development.",https://www.reddit.com/r/TrueFilm/comments/1lmdjot/looking_for_a_very_specific_stylegenre_what_would/,post,reviewed,Relabeled during QC: opinion → discussion_question
"What sets Kubrick’s films apart from others?

Kubrick, or Scorsese, or whatever great director - yes their films are excellent, but what about them is so great it sets them far from any other directors? Maybe it’s because I’m young, or maybe don’t have enough media literacy, but I never really understood how or why they are considered to be the greatest of all time. To be clear, I did understand the movies (to a basic level, at least), and liked them, I just never understood why they are considered some of the best. For context the only Kubrick films ive seen are The Shining, Eyes Wide Shut, and Full Metal Jacket (I loved all of them, FMJ the most. I plan on finishing his whole filmography soon). Could someone try help me understand, maybe with a few specific examples as to why? (To any die-hard Kubrick fans, please be nice in the replies)",discussion_question,"Primarily expresses a judgment, preference, or evaluation with limited development.",https://www.reddit.com/r/TrueFilm/comments/1nsgpid/what_sets_kubricks_films_apart_from_others/,post,reviewed,Relabeled during QC: opinion → discussion_question
"What’s your view on the movie “eyes wide shut”??

Eyes Wide Shut is basically two and a half hours of Tom Cruise “power walking” in circles while Nicole Kidman chain smokes and monologues about cheating. The “secret society” stuff? Looks like a Spirit Halloween clearance sale with Gregorian chants 😅 People call it “mysterious” when really it’s just vague. If Kubrick hadn’t died before it came out, this movie would be sitting at the bottom of HBO Max like, “recommended after Basic Instinct.” #Overrated as hell.",discussion_question,"Primarily expresses a judgment, preference, or evaluation with limited development.",https://www.reddit.com/r/TrueFilm/comments/1nrq1n2/whats_your_view_on_the_movie_eyes_wide_shut/,post,reviewed,Relabeled during QC: opinion → discussion_question
"Pink Flamingos

Im sitting in pure disgust as I write this. I didn’t think it was going to be that graphic. About an hour in to the movie I needed a break and debated on even finishing this movie. I will say I liked the story and I found the dialogue to be extremely well written. The story was the saving grace for me. Im hoping I could get some sleep tonight. The animal abuse was too much. Im even shocked how a movie like this could be made. I think Im leaving transgressive movies behind in 2026. What are your opinions on this movie?",opinion,"Primarily expresses a judgment, preference, or evaluation with limited development.",https://www.reddit.com/r/TrueFilm/comments/1q04ln6/pink_flamingos/,post,reviewed,Kept original label after QC/spot-check
"30 Best Dystopian Sci-Fi Movies of All Time (Must-Watch Classics & Modern Masterpieces)

Dystopian sci-fi is one of the most philosophically rich and culturally resonant subgenres of Science Fiction, transforming imagined futures into cautionary stories about humanity's moral, political, and technological choices. Simply put, when order survives, but individual freedom disappears through constant surveillance, restricted mobility, loss of bodily autonomy, or even the criminalization of love, dissent, and art (as seen in Alphaville (1965)), you are firmly in dystopian sci-fi territory. The films on this list capture the subgenre's defining characteristics, delivering a roster of visually striking, thematically dense, and emotionally compelling works that will have a lasting influence on viewers. [Check out the full list in detail here](https://thegenrejunkie.com/30-best-dystopian-sci-fi-movies-of-all-time/)",opinion,"Primarily expresses a judgment, preference, or evaluation with limited development.",https://www.reddit.com/r/TrueFilm/comments/1pzlbsi/30_best_dystopian_scifi_movies_of_all_time/,post,reviewed,Kept original label after QC/spot-check
"Speech in the Barbie movie.

In the final act of Barbie, they do speech to break illusion of women. In normal case the speech would have been one big dramatic moment, but this movie does the speech over and over again to convert people. Personally I think this kind of scene works better with one shot and being dramatic at it. I thought they were already setting the scene as happening in the parliament where they get to vote. Off the top of my head I am thinking similar to the speech by Alaedeen in The Dictator or Charlie Chaplin in the great dictator. Does the scene makes it unique that they did the speech in repeat and in montage or do you think it should have been dramatic and one shot? I don't even remember the speech clearly but I remember the speech of the dictator and the great dictator was impactful.",discussion_question,"Primarily expresses a judgment, preference, or evaluation with limited development.",https://www.reddit.com/r/TrueFilm/comments/1pylz8r/speech_in_the_barbie_movie/,post,reviewed,Relabeled during QC: opinion → discussion_question
"What decisions led to the first hour of Mission Impossible: The Final Reckoning being so dull?

The first hour of Mission Impossible: The Final Reckoning is terrible. But the rest of the film is pretty great, with two absolutely stunning action sequences. What do you think is behind the directorial choices that led to that pointlessly flabby first hour? Here’s what that hour contains: * One or two short, fairly un-amazing action scenes, and this film’s only use of rubber masks. * Exposition concerning the Entity taking over the world. Nothing wrong with establishing some real stakes, but there’s far too much of it. * Shoehorning of previous films into this film’s continuity. We all know they were written as stand-alone films with no over-arching story, so why insult everyone’s intelligence by expecting us to pretend otherwise? * Praising Ethan Hunt as basically the saviour of the world. I guess this is OK because he kind of is, but they’re over-doing it. * “Flash-forwards” to Luther in hospital. They’re not actually flash-forwards, and they don’t contribute anything to the plot, the world-building or anything else. Why were these scenes even left in? * Talk about the perils of decompression, two different decompression chambers, and what gas he’ll be breathing. Turns out to be of only minor importance to the story, so no idea why they spent so much time setting it up. * “You have to take the key to the sub, get the device and plug it into the other device that the baddie’s got”. This is really all the set-up the film needs, and could have been done extremely quickly. Or just start in media res, and catch us up on the fly. Long movies used to be seen as problematic because the longer the film, the fewer showings you can have per day, and the less money you’ll make. So why didn’t this apply here? With the film being so expensive, you think they’d want to get as many bums on seats as possible. Judging from instalments 5-6 (possibly 7), McQuarrie clearly knows what makes these films work, and what audiences want. So why does he drop the ball so badly with a full hour of wheel spinning? Why not get straight to the good stuff with the submarine sequence, and have an incredible 2 hour movie? Movies don’t reach their finished form by accident, so these failings are all the result of directorial decisions. But does anyone have any theories or information as to what lay behind those decisions?",discussion_question,"Primary purpose appears to solicit explanation, comparison, recommendation, or debate.",https://www.reddit.com/r/TrueFilm/comments/1npac07/what_decisions_led_to_the_first_hour_of_mission/,post,reviewed,Kept original label after QC/spot-check
"Movies that revolve around one dramatic, repeating musical theme.

I'm looking for movies (preferably serious in nature) that have an emotional/dramatic instrumental soundtrack that plays in scenes throughout the movie. Note: the soundtrack *doesn't* have to be the *exact same* instrumental piece playing in every scene, but it's clear that the movie follows a specific general melody (that's melodramatic/serious, etc) that's played in many different scenes throughout. Anyways here are some films that do this exceptionally well: One prime example is Alan J Pakula's ***Presumed Innocent***. John Williams' instrumental piano theme plays in scenes throughout the movie, from the very title card/monologue that begins the movie to at least 6-8 scenes throughout the movie. Here examples of the scenes: [Intro title sequence](https://www.youtube.com/watch?v=_9DusfkEaQw), [the climax/final realization of the killer](https://www.youtube.com/watch?v=jtq4zQEWCog), [Rusty meets Carolyn](https://www.youtube.com/watch?v=tXSmV5bpmkI), [Rusty's affair](https://www.youtube.com/watch?v=nAxfmI1PUlo&list=PLNe0UezH0uKAPddKBTGoRk2_4HFeZ9AsJ&index=4), and the [rest of the soundtrack](https://www.youtube.com/watch?v=nAxfmI1PUlo&list=PLNe0UezH0uKAPddKBTGoRk2_4HFeZ9AsJ&index=4) as I'm leaving out many other scenes too. Another great example is Adrian Lyne's ***Unfaithful***\*.\* A serious, emotional and dramatic instrumental score composed by Jan A. P. Kaczmarek is prevalent throughout the movie: [burning evidence](https://youtu.be/h2-pt_P69As?si=ETGS3VWfoTAFeWt9&t=35) (end of the movie), [ending resolution](https://www.youtube.com/watch?v=8nbPfLKbLTI), [the rekindling of a couple's love after the wife's affair](https://youtu.be/HWooaSPa58Y?si=TY38oGywuVOAiBrW), even this [deleted scene](https://youtu.be/LUzBZSyZTj4?si=abXU2nsFoepMWvIS). There are quite a few more scenes too and their soundtracks are [here](https://www.youtube.com/watch?v=0inzCm4zV_w&list=PLEC2339111A96C548). A more familiar example may be another one of Lyne's, ***Indecent Proposal***. Again with a deep melodramatic soundtrack that plays in many scenes throughout the movie including the [intro sequence](https://www.youtube.com/watch?v=6Smu4j8H0ZE), [Gage's monologue](https://www.youtube.com/watch?v=dmmwZdjk6o4), [the official divorce](https://www.youtube.com/watch?v=dxPmq7M5Y9g), [the ending](https://youtu.be/RbuDgfMgg7E?si=s4we3mC6TRHB00Wp&t=75) and the [rest of the soundtrack](https://www.youtube.com/watch?v=cDSbApXeyTg) that plays throughout the movie. Finally, Steve McQueen's ***Shame*** also has the same instrumental score that's pervasive throughout the movie. Honorable mention to ***Argo***: has a monothematic piano piece that plays in about 4-5 scenes. **I absolutely love when films do this, does anyone have any recommendations or know other films that have done this?**",discussion_question,"Primary purpose appears to solicit explanation, comparison, recommendation, or debate.",https://www.reddit.com/r/TrueFilm/comments/1py7zm1/movies_that_revolve_around_one_dramatic_repeating/,post,reviewed,Kept original label after QC/spot-check
"The ""Press Junket"" model is broken: Why actors switch to autopilot, and why we need to change the questions we ask.

I’ve been reading a lot lately about actors expressing discomfort with promotional tours. Lupita Nyong’o described press junkets as ""polite torture,"" and Cillian Murphy called the model ""broken."" It’s easy to look at a bored actor in an interview and blame them for being difficult, or blame the journalist for asking ""shallow"" questions. But I think the issue is structural. **The Assembly Line Problem** The junket is an industrial format: compressed slots, repetition, and hyper-control. When an actor answers ""What drew you to the character?"" for the 50th time in a row, they aren't engaging with the craft anymore; they are just performing an image. The interview ceases to be an inquiry and becomes an endurance exercise. As a result, audiences are losing out. We are fed anecdotes and ""vibes"" instead of actual insight into filmmaking. Even the ""fun"" alternatives (like puppy interviews or spicy wings) sidestep the craft entirely to focus on personality. **The Solution:** Technical Questions I believe that if we want to save the promotional interview, we need to stop asking emotional questions (""How did it feel?"") and start asking technical ones. Questions that treat the actor as a craftsperson. If you ask an actor about their method, they usually wake up. I’ve been brainstorming what these questions should look like. Instead of the usual fluff, what if press junkets focused on things like: * ""Was there a scene where you chose to remove an intention or a gesture rather than adding one?"" * ""In the most complex scene, did you rely on a specific method or a personal synthesis?"" * ""Looking at the finished film, what aspect of the performance required the most delicate balance to maintain?"" These aren't flashy, but they force the actor to think about the work, not the sales pitch. What do you think? Do you find yourself skipping standard interviews nowadays? And are there any interviewers out there currently who you think are actually breaking this mold?",analysis,"Primary purpose appears to solicit explanation, comparison, recommendation, or debate.",https://www.reddit.com/r/TrueFilm/comments/1pw13jk/the_press_junket_model_is_broken_why_actors/,post,reviewed,Relabeled during QC: discussion_question → analysis
"Noir and neo noir movies to watch?

Currently watching bladerunner and that genre really piqued my interest. Id love any recommendations you have for classic noir and neo noir films to watch. It says I must have 361 characters so I guess Ill ask some questions as well. What makes a film noir or neo noir? I looked up movies to watch, and some of the ones that pop up arent what i would consider, or what I thought would be considered as a noir film.",discussion_question,"Primary purpose appears to solicit explanation, comparison, recommendation, or debate.",https://www.reddit.com/r/TrueFilm/comments/1jii0va/noir_and_neo_noir_movies_to_watch/,post,reviewed,Kept original label after QC/spot-check
"In Ghost (1990), what do you think about the backstory of the subway ghost?

Vincent Schiavelli really stole the show with this small character. So much charisma and energy in it. I know it's an ambiguous question, but what do you think the ghost's backstory was? I saw some people thinking he was suicidal and killed himself. And I don't really see it like that. Let's see, a serious middle-aged guy in New York, a smoker, wearing a black coat and a black sweater. The time is unknown, but my guess is that he's from the 70s-80s. He states that he's been there ""since they pushed me"", and gets angry when Sam thinks he killed himself. States that it wasn't his time, he wasn't supposed to go, and he's not supposed to be there. He also shows signs of paranoia when he suddenly forgets Sam and says ""Why are you hounding me? Who sent you? Who sent you?"". And then repeats ""Leave me alone!"" 3 times while raising his hands, like he's afraid of getting punched or killed or something. And jumps back on the train. Obviously, he shows some signs of madness and dementia, but I think that's mainly because he somehow got stuck in the subway and started to lose his mind. My theory is that he got caught up in some criminal activities, maybe with the mob, and he did or saw something he shouldn't have. And therefore he reasonably expected that someone would come for him. That would explain his paranoia. And maybe he was right, and some mob guys really did come for him. And it's either that they pushed him under the train, or he was running from them in the subway, and while running, he accidentally fell to his death. Maybe he's ashamed of it and doesn't want to admit it.",discussion_question,"Primary purpose appears to solicit explanation, comparison, recommendation, or debate.",https://www.reddit.com/r/TrueFilm/comments/1jhzofq/in_ghost_1990_what_do_you_think_about_the/,post,reviewed,Kept original label after QC/spot-check
"WHERE CAN I FIND ETTORE SCOLA FILMS?

Hello everyone, I’m trying to find ways to watch Ettore Scola’s films online. I’m especially interested in legal streaming platforms, archives, or digital rentals where his work is available, including lesser-known titles. Any recommendations, links, or guidance would be greatly appreciated. Thank you very much for your help. Ive tried fetching online, streams and i only can find certain films, but not every film. anyone knows where can i find ettores scola complete filmography ??",discussion_question,"Primary purpose appears to solicit explanation, comparison, recommendation, or debate.",https://www.reddit.com/r/TrueFilm/comments/1pzr0xf/where_can_i_find_ettore_scola_films/,post,reviewed,Kept original label after QC/spot-check
"Feeling ready to finally take on Sátántangó, any tips/suggestions?

Béla Tarr has been on my radar for something like 15+ years now, and it was actually probably Sátántangó (more-so all the associated 'noise' about it being a 7+ hour picture) that brought his work to my attention. I've seen a few of his films some years back and recall enjoying them in general, but particularly for their pacing and especially their aesthetic- to me, these are absolute aesthetic masterpieces and masterclasses. But I never did get around to viewing Sátántangó... I just knew it would always be there for if and when I felt ready to undertake the marathon viewing- and, in retrospect, I wish I'd done so much sooner, as nowadays, sitting that many hours is particularly hard on my broken body. Of course I know I can ""break it up"", but that's actually why I'm posting here; I was wondering if those of you who've done it had any recommendations to optimize the viewing experience. Should I search out a cinema that might do a showing of it here and there (in Toronto if anyone has any suggestions), or watch it on my crappy plasma with intermissions as I deem fit, but aiming to finish it in one piece? Or is it okay to split up over a couple of days? Etc. My other worry is that I tend to get sleepy with slower-paced films, especially those without much dialogue, even if the aesthetic (which is very important to me) is highly engaging, and a more-than-seven-hour film is bound to put me down at least a handful of times... Do I need to pound back an energy drink or two to get through this? Sorry, I don't mean to make it sound like this daunting thing I dread to overcome, it's very much the opposite of that- I cannot wait to finally watch it, I'm just trying to be pragmatic about how best to tackle it as it's a pretty significant commitment. Also, while we're here, what did you think of the film?",discussion_question,"Primary purpose appears to solicit explanation, comparison, recommendation, or debate.",https://www.reddit.com/r/TrueFilm/comments/1lkslnm/feeling_ready_to_finally_take_on_sátántangó_any/,post,reviewed,Kept original label after QC/spot-check
"Niche Recommendations

Ok first things first. I use to think the films The Human Condition (No Greater Love), War and Peace (1965), and YiYi (2000) were pretty niche films but apparently not which got me looking deeper. Before I move on out of those 3 that I previously listed how would you rank them? I loved all of them but I would say 1. The Human Condition 2. War and Peace and 3. YiYi but I’d love to know what you think and how’d you’d list them and give details why! Now, I also wanted to ask as a fun follow along what are 5 REALLY niche but GOOD/GREAT films that you gate-keep or know that not many people know of them. For my 5 I would say: 1. Harakiri 2. The Traveling Players 3. Marketa Lazarová 4. The Saragossa Manuscript 5. Dead Man’s Letters I also love musicals and one niche one I can think of is **The Young Girls of Rochefort** But l really look forward to hearing from anyone and I’m always looking to expand what I know!",discussion_question,"Primary purpose appears to solicit explanation, comparison, recommendation, or debate.",https://www.reddit.com/r/TrueFilm/comments/1uhm024/niche_recommendations/,post,reviewed,Kept original label after QC/spot-check
"Indonesian film?

On an Indonesia kick atm, making some tempeh from scratch, just finished reading Van Reybrouck's Revolusi (highly recommend) and am starting The Jakarta Method. Looking for some Indonesian film accompaniments to round out the vibe. I have Oppenheimer's work (act of killing, globalization tapes), and After the Curfew (from Scorsese's WCP) on the watchlist. Anything else? I'd especially love stuff that reflects the philosophy, aesthetic/ cultural values, lifeways, etc. of the country in the way the films of Ozu, Ray, Tarkovsky, etc. reflects theirs. Not necessarily expecting the same mastery of form / technique. Any recommendations? Thanks!!",discussion_question,"Primary purpose appears to solicit explanation, comparison, recommendation, or debate.",https://www.reddit.com/r/TrueFilm/comments/1jjlggs/indonesian_film/,post,reviewed,Kept original label after QC/spot-check
"""Searching for a Dark and Disturbing Film: The Cruelest Side of Human Nature""

Hello, I'm looking for a truly dark and realistic film that immerses you in the cruelest nature of humanity and the wickedness of the protagonist—something horrifying that leaves a heavy weight on your heart by the end. I want a film that doesn’t hold back, that shows the raw and brutal side of human nature without sugarcoating anything. A story where the protagonist is truly disturbing, someone whose actions leave you feeling unsettled and questioning your own emotions. I’m not looking for simple horror or gore, but something psychologically intense—something that lingers in your mind long after the credits roll, leaving you with an overwhelming sense of unease. Do you have any recommendations? please help me its very urgent",discussion_question,"Primary purpose appears to solicit explanation, comparison, recommendation, or debate.",https://www.reddit.com/r/TrueFilm/comments/1jic9od/searching_for_a_dark_and_disturbing_film_the/,post,reviewed,Kept original label after QC/spot-check
"1997 Life is Beautiful with Spanish Subtitles

I really want my spanish speaking parents to watch this movie. The streaming services I've looked through only have English. ¿Does anyone know of maybe a HD torrent that has Spanish subtitles? Any help, ideas, or subreddit recommendations are appreciated! You can stop reading here. I'm going to inflate the character count in order to be able to post. I apologize in advance, I just really am looking to share a wonderful movie with my parents.",discussion_question,"Primary purpose appears to solicit explanation, comparison, recommendation, or debate.",https://www.reddit.com/r/TrueFilm/comments/1lmanb6/1997_life_is_beautiful_with_spanish_subtitles/,post,reviewed,Kept original label after QC/spot-check
"Tarkovsky is really quite dull

I bought his book, started reading it, had some very interesting discussions in there, but at a point it just felt incredibly boring and dull,found the same with his movies. Watched mirror and I had no idea what was going on, desperate for it to end. Some shots in the film were amazing, but apart from that it didn't really stick with me. Ivans childhood was pretty good, image of the birch forests have always stayed in my mind. My issue is that it just all feels a bit much at times. His he seems to speak about how film is subjective and an art, but he just lists out boring guidelines and rules throughout. He makes art feel boring and tedious, how can he argue that his art is not rational when he spends a whole book outlining his formula for making movies. At times I feel like he fails at what he sets out. The same replies always seem to be given, something along the lines of "" your just not open to it"", or "" you're not supposed to watch it analytically. Seems like quite a weak response, almost analogous to a theist being overly reliant on the epistemic distance when faced with challenges against God. Maybe that's the problem, you have to have a spiritual/ religious aspect to you in order to enjoy his movies. Surely that's just alienating a massive amount of people? Not everyone thinks in such an "" spiritual"" manner. Also, why is he is it that he is so anti analytical film making, personally I like a good balance of both, I don't see it as being one way or the other. Personally, I experience both to a high extent, but I feel when they are balanced and combined, the best results are achieved. Finally, the whole anti consumerist thing sometimes strikes me as cringe. People like films for a reason, yes you can get into the issues of using utility to measure art, but ultimately, it's going to appear as irritating behaviour for the most of society. Any thoughts.",opinion,"Primary purpose appears to solicit explanation, comparison, recommendation, or debate.",https://www.reddit.com/r/TrueFilm/comments/1ll3r1h/tarkovsky_is_really_quite_dull/,post,reviewed,Relabeled during QC: discussion_question → opinion
"what are some franchise starters that nobody talks about anymore ?

I recently watched *Godzilla* (1954) for the first time, and I was struck by how well it still holds up. It made me think about how some of the earliest films in long-running franchises are often more interesting, and sometimes more formally accomplished, than they tend to be given credit for in retrospect. When people talk about franchises, the focus is usually on later entries or the most recognisable installments. But I’m more interested in the original films that effectively launched something much larger in scope, including sequels, spin-offs, television, merchandising, and wider cultural influence. I’m particularly thinking of films from roughly the 1940s through the mid-1970s (up to around 1975), where the “first entry” eventually developed into a broader franchise or media ecosystem over time. Obvious examples would include *Dr. No*, *Godzilla* (1954), *Planet of the Apes*, *Psycho*, *Night of the Living Dead*, *Dirty Harry*, and *Shaft*, though I’m especially interested in less frequently discussed or more forgotten cases. I’m interested in how these films hold up today, both in terms of filmmaking and cultural impact, and whether their status as franchise starters affects how they are perceived in retrospect. I would also appreciate recommendations for other early franchise-starting films from this period that you think are worth paying attention to, especially ones that are overlooked in contemporary discussion or have faded somewhat from view. What are some examples you would add, and how do you think they hold up today?",discussion_question,"Primary purpose appears to solicit explanation, comparison, recommendation, or debate.",https://www.reddit.com/r/TrueFilm/comments/1uet2pf/what_are_some_franchise_starters_that_nobody/,post,reviewed,Kept original label after QC/spot-check
"I recently re watched Matrix Reloaded & Revolutions, there’s more philosophical weight and intent than most people remember

Why the sequels earn a second look: * Reloaded’s freeway and Merovingian set-pieces remain masterclasses in practical stunt work; they still eclipse most 2025 blockbusters. * The Architect speech reads like an AI governance memo: predictive control loops, system resets, enforced consent. Only now do its stakes feel real. * Smith’s viral mutation mirrors runaway model alignment problems. He is not just a glitch, he is a lesson in emergent rogue behaviour. * “Why, Mr. Anderson, why do you persist?” Smith’s monologue in the final fight is more than villain theatrics. It’s existential. He’s an AI that can’t understand irrationality, purpose without outcome. That line alone captures the gap between logic and humanity. * Neo shifts from “chosen one” to agent of conscious sacrifice, giving the finale moral heft instead of Marvel-style triumph. * Trinity’s death lands because the camera lets silence speak. It is intimacy inside spectacle. * Missed opportunity: the films never made Zion important to me. More screen-time for its daily life and politics perhaps would have anchored the abstract philosophy in lived human risk. * Machines are framed as negotiation partners, not cartoon villains. * The closing peace pact chooses coexistence over a conquest, a theme mainstream sci-fi still struggles to deliver. Try rewatch them with a fresh set of eyes and minimal criticism. Flaws remain, but the ambition hits harder than ever in my recent watch. Anyone else feel differently about these films after revisiting them?",analysis,"Primary purpose appears to solicit explanation, comparison, recommendation, or debate.",https://www.reddit.com/r/TrueFilm/comments/1lnpz07/i_recently_re_watched_matrix_reloaded_revolutions/,post,reviewed,Relabeled during QC: discussion_question → analysis
"Why are there not many films about homelessness?

I feel like there should be at least 5 films that you can rattle off as absolute classic homelessness films that everyone has seen. Just in terms of cinematic and narrative potential, the people you can come across as a homeless person, the sites, the horrors, the moment to moment anxiety of surviving a single night, interactions with the public, evil rich people paying you to do terrible things. Such Variety. Not to mention this craziness being multiplied by orders of magnitude if from the perspective of a female homeless person. This genre has the potential for Oscar worthy performances too, you would think Hollywood actors would be tripping over scripts where they stepped into homeless shoes. We have all wondered what the story was behind the homeless people we see. Insights into the kind of things that go on should be highlighted and brought attention to by the film industry a lot more.",discussion_question,"Primary purpose appears to solicit explanation, comparison, recommendation, or debate.",https://www.reddit.com/r/TrueFilm/comments/1px96uo/why_are_there_not_many_films_about_homelessness/,post,reviewed,Kept original label after QC/spot-check
"Why is Pulp Fiction considered “Meta” or “Self Aware”?

I keep hearing this notion that Pulp Fiction was famous because it was self-aware. Characters are doing things outside their roles and that apparently makes it a ""meta-movie."" 8 1/2 or Holy Mountain are older movies that are much more ""this is a movie that we're making"", right? More recently, something like Deadpool is very explicitly meta. But Pulp Fiction just seems like a fun movie. The gangsters are having fun. That doesn’t make the movie self aware. So what's the big deal with Pulp Fiction as more than just a really fun film?",discussion_question,"Primary purpose appears to solicit explanation, comparison, recommendation, or debate.",https://www.reddit.com/r/TrueFilm/comments/1nuguop/why_is_pulp_fiction_considered_meta_or_self_aware/,post,reviewed,Kept original label after QC/spot-check
"In The Brutalist, what did Van Buren do to his son?

The dinner scene where Felicity Jones' character confronts Van Buren and his family about his rape of her husband is pretty famous by now, for various reasons. I'm not sure how I feel about it yet but one detail bothers me. Why is Van Buren's son so....animated, more animated than anyone else in the room, including his accused father, to the point where he cannot even tolerate the voice talking about his father's rape in that room. He has to throw her out, almost like he is trying to shut her voice out, so that something repressed in his memory doesn't come out. Did Van Buren rape his own son?",discussion_question,"Primary purpose appears to solicit explanation, comparison, recommendation, or debate.",https://www.reddit.com/r/TrueFilm/comments/1jkhe9d/in_the_brutalist_what_did_van_buren_do_to_his_son/,post,reviewed,Kept original label after QC/spot-check
"What is Denis Villeneuve’s directorial style?

I’m a fan of a number of Denis Villeneuve’s films, and have seen them a few times. Nevertheless I honestly couldn’t tell you what his directorial style is, other than “often large scale SF”, which isn’t even a style so much as a genre. By contrast, Christopher Nolan has a number of well-known techniques, such as non-linear storytelling, that make his films very recognisably HIS, no matter which genre he’s working in. I’m not saying that Villeneuve’s films are anonymous, or could have been made by anyone. I’m just saying that I haven’t really picked up on what his style actually is. Can anyone help? (This is also a coded way of saying that I have no idea what to expect from his Bond film…)",discussion_question,"Primary purpose appears to solicit explanation, comparison, recommendation, or debate.",https://www.reddit.com/r/TrueFilm/comments/1lkukoi/what_is_denis_villeneuves_directorial_style/,post,reviewed,Kept original label after QC/spot-check
"Films about making a film and the film that is being made is the film itself? (8/½, Adaptation.)

These two films are some of the most creative and deranged works I have ever seen. They trap me in a conceptual loop that is more confusing than any psychological mystery. I also think they are essential viewing for beginner screenwriters to analyze and absorb. Without yapping, I am looking for recommendations. This kind of structure fascinates me and stays in my head. To be clear, I am not looking for films about filmmaking, and I don't think Synecdoche, New York should be included in this category like the net suggests. So is there any films like them?",discussion_question,"Primary purpose appears to solicit explanation, comparison, recommendation, or debate.",https://www.reddit.com/r/TrueFilm/comments/1pvpsgq/films_about_making_a_film_and_the_film_that_is/,post,reviewed,Kept original label after QC/spot-check
"How can you tell about the quality of the editing?

I've always had this question. I've read many critics that praise a movie's editing and I honestly don't really get it. We don't know how they shot the movie in the first place, most of the times we don't know how much material was cut in he editing room. If the movie was very tightly planned (storyboards for every scene, for example) from the beggining and the editing process was mostly straightforward, how can we tell just by watching the movie? The same goes for the oppossite situation. I understand that the pacing of a movie is dependent on the editing, and movies with a lot of improvisation are very probably made in the editing room. Complex sequences with many cameras in big Hollywood productions are also a big challenge for editors. Montages are all editing wizardry. Apart from that, I can't really tell if the movie is well edited or not. My last doubt: how do we know if the merit of the editing lays in the editor or in the director? I understand that most times the director is there in the editing room. I imagine they make the important choices. Is the editor just their assistant in that situation? Or does the editor do the heavy lifting and then the director just corrects minor things? My point is that I don't know how to know about all of this without having insider knowledge of the film's production. PS: understand that this might be an ""ignorant"" question, but sometimes those are the best questions to ask, instead of preferring staying ignorant about the topic.",discussion_question,"Primary purpose appears to solicit explanation, comparison, recommendation, or debate.",https://www.reddit.com/r/TrueFilm/comments/1jl3a14/how_can_you_tell_about_the_quality_of_the_editing/,post,reviewed,Kept original label after QC/spot-check
"One Battle After Another - Bob's Arc

A great basis for understanding the role Dicaprio plays in this film can be found on IndieWire by David Ehlrich, who makes the point that the role is the culmination of Dicaprio's portrayal of boy-men stuck in time, as this film finally forces this character to grow up, because his past wont let him go. The review is here, and I highly recommend you read it for a better breakdown of Leo's role: [https://www.indiewire.com/criticism/movies/one-battle-after-another-leonardo-dicaprio-best-performance-1235153209/](https://www.indiewire.com/criticism/movies/one-battle-after-another-leonardo-dicaprio-best-performance-1235153209/) Something he alluded to in his review is how Bob travels through the story as a passenger. Ehlrich specifically mentions the Siege of Backtan Cross, where Bob stumbles his way through Sensei's perfectly orchestrated evacuation plan. While Sensei has everything planned to a T, and is in charge of mobilizing seemingly dozens of evacuees, Bob can't even charge his phone, let alone obtain the coordinates for the rendezvous point, because he can't remember the only thing he needed to remember. To put it simply, Bob is helpless. Ehlrich points out that Bob's journey is more about embracing his role as a father, and overcoming his paranoia of a troubled past. How does PTA show this without Bob actively saving his daughter? A key sequence is Bob and Sensei's daytime ride after the hospital stint. Bob explains that he never felt adequate as a single parent for Willow. Something as simple as doing her hair was out of his grasp. but what Bob didn't realize is that what he was doing was brave, profound, and revolutionary. He was parenting this child and providing a loving and nurturing home, despite his past and despite the constant fear of a shattered present. Bob's character growth was more of an arc of self-love and acceptance, and breaking through the stunted reality he found himself in. This was an emotional growth powered by his unflappable goal of reuniting with his daughter. Bob's great strength is that he is willing to ask for help. \*\* I didn't add much to the original critique, but thought I would try to continue the conversation. It's an interesting way to look at the film, and I encourage anyone to read the article linked.",analysis,"Primary purpose appears to solicit explanation, comparison, recommendation, or debate.",https://www.reddit.com/r/TrueFilm/comments/1nt6x2d/one_battle_after_another_bobs_arc/,post,reviewed,Relabeled during QC: discussion_question → analysis
"Compared to ""The Holy Mountain"", how disturbing is ""Pink Flamingos""? Also, what makes a film too disgusting to be watchable?

Recently I've been thinking about the ""disgusting"" in film, and how most of that seems to be contextual. I'm a little bit sensitive on certain topics. R\*pe scenes hit too close to home and I'll 100% skip those, for instance. I also tend to dislike the senseless, schock-value, bloodbath type of violence on screen. You get the idea. I've always been cautious of what type of things I'm ok with watching or not. Having said that, many times I've read about films that are ""way too visually disturbing"", that had people fainting in theatres, throwing up, straight up leaving, etc. I heard this about ""Freaks"", about ""The Substance"", ""Triangle of Sadness"", ""The Holy Mountain"", ""Bacurau"", and so on. Well, I watched all of these and they're... ok? I get what people mean, and there are indeed some unsavoury scenes in all of those, but they didn't disturb me as much as I was warned they would. Also, there are other films I've heard are masterpieces, with no mention whatsoever to how disturbing they are. I watched ""Perfect Blue"" and I was traumatized for months, same for ""Enter the Void"" or ""The Lighthouse"". That got me thinking, maybe a film being disgusting depends on the person or crowd, not necessarily the film. So that makes me wonder, ""Pink Flamingos"" has sparked my curiosity for a while now, and the closest thing I could compare it to, by the descriptions, is ""The Holy Mountain"", which I watched and was ok with. How do you think that compares? Is it really the most repugnant, batshit insane film like they say? More on that, what, to you, makes a film be too unbearably extreme?",discussion_question,"Primary purpose appears to solicit explanation, comparison, recommendation, or debate.",https://www.reddit.com/r/TrueFilm/comments/1jlxp1r/compared_to_the_holy_mountain_how_disturbing_is/,post,reviewed,Kept original label after QC/spot-check
"I feel like the movie Wall-E captures the sense of loneliness so well. What are your favorite movies about loneliness?

It’s that time of year when so many people are gathering with family and friends, catching up, or going to parties and meeting new people and just letting loose and enjoying their time. But for some, on the other hand, it can be a lonely time, whether because of social isolation or emotional struggles that make it feel like you don't belong (you know, that feeling of being surrounded by people yet completely alone?). I was rewatching WALL·E recently, and man, it really captures that sense of loneliness. If you feeling lonely, you gotta see this movie. WALL·E has these routines that the movie shows and you can see he is essentially on his own, always searching through things for some kind of connection. Even the humans in the movie are lonely in a different way, not physically isolated, but emotionally disconnected. It’s kind of amazing how a movie about an animated robot can make you feel so deeply understood. But then you have to have experienced intense loneliness. I’m curious, if you can relate, what movies or scenes come to mind when you think about loneliness?",discussion_question,"Primary purpose appears to solicit explanation, comparison, recommendation, or debate.",https://www.reddit.com/r/TrueFilm/comments/1pwmms2/i_feel_like_the_movie_walle_captures_the_sense_of/,post,reviewed,Kept original label after QC/spot-check
"Scorsese as a documentary filmmaker

I recently watched *George Harrison: Living in the Material World* (2011), the 3.5 hour epic documentary about the late Beatle, and it got me thinking about this often overlooked side of one of the most canonical of filmmakers. With the exceptions of Werner Herzog and probably Louis Malle, Martin Scorsese is the big-name fiction filmmaker most committed to the documentary mode. (And not just as a filmmaker; anyone who's watched more than one or two documentaries about film history has probably seen him as a talking head commenting on some classic film that influenced him.) Scorsese has directed documentaries since his career began and has generally never gone more than a few years without working in that space. A few months ago, people on the Martin Scorsese subreddit were arguing about his top ten films and I was very surprised at the lack of *The Last Waltz*. To me, that's possibly the best concert movie ever made and an absolutely essential part of his filmography. A perfect example of how a documentary can be great cinema, with no qualifications: an exquisite sensory experience. What are your thoughts on Scorsese as a documentarian? Do you think of his work in this space as a side project, or as something essential to his legacy as a filmmaker? Personally, I'd lean towards the latter, if only because I'd rate *The Last Waltz* as one of his very best films. I think his work in this space really emphasizes his versatility as a filmmaker; *The Last Waltz* is concert footage directed by Scorsese and shot by a murderer's row of great New Hollywood cinematographers, whereas *George Harrison: Living in the Material World* is a very traditional talking heads+ archival footage biographical documentary.",discussion_question,"Primary purpose appears to solicit explanation, comparison, recommendation, or debate.",https://www.reddit.com/r/TrueFilm/comments/1lm02b3/scorsese_as_a_documentary_filmmaker/,post,reviewed,Kept original label after QC/spot-check
"Mickey 17: Bong Joon Ho’s Existential Dilemma—A Misfire or a Fascinating Experiment?

I've always found Bong Joon-ho to be a filmmaker fascinated by contradiction in the sense that his films come at the intersection of genre and social critique, balancing tones in a way few directors rarely attempt. Mickey 17, his latest, is both incredibly ambitious and disappointing. While it carries the thematic weight of his past work, it never quite commits to its ideas, leaving it stranded in an odd limbo between philosophical sci-fi and quirky genre fare. I came away from the film feeling that Mickey 17 is ultimately burdened by indecision. It introduces heady existential questions about identity, consciousness, and the disposability of life, yet it never follows through in a meaningful way. It seems hesitant to fully explore its premise beyond the surface level. Instead, it wavers between dark humor, high-concept worldbuilding, and moments of introspective drama, without fully committing to any of them. This isn’t to say the film is without merit. Bong remains an exceptional visual storyteller, and the film’s best moments—particularly those involving the psychological toll of repeated death and rebirth—are genuinely thought-provoking. Robert Pattinson, as Mickey, brings his usual mix of charm and detachment, which serves the role well. But even his performance can’t compensate for the film’s fragmented structure. There’s oddly a lack of urgency to the whole film, which I think can be attributed to the disjointed narrative. What’s interesting is how this compares to Bong’s previous films. From what I understand (haven't seen many of his films), Bong's work thrives on hybridity—his ability to oscillate between tones is seemingly one of his greatest strengths. While I'm a little mixed on Parasite, it seamlessly shifts from dark comedy to thriller to tragedy. But in Mickey 17, this tonal fluidity feels less like a strength and more like an obstacle. I'm curious what people who are more accustomed to Bong's voice as a filmmaker have to say. I know he's really beloved amongst film circles. His film taste and general personality give me Del Toro vibes, which I love, but his films haven't connected with me. So, how do you think Mickey 17 compares to Bong's prior works, especially in comparison with his Korean films? Do you think the the english films come out worse for one reason or the other? Are these common critiques of his work in your opinion? Looking forward to hearing everyone’s takes! If you want to read my thoughts on Mickey 17, I'll paste my review below for my extended thoughts: [https://abhinavyerramreddy.substack.com/p/mickey-17-one-too-many?r=38m95e](https://abhinavyerramreddy.substack.com/p/mickey-17-one-too-many?r=38m95e)",discussion_question,"Primary purpose appears to solicit explanation, comparison, recommendation, or debate.",https://www.reddit.com/r/TrueFilm/comments/1jm2vwz/mickey_17_bong_joon_hos_existential_dilemmaa/,post,reviewed,Kept original label after QC/spot-check
"Seeking Lesser-Known Sci-Fi Films with Thought-Provoking Themes

I'm seeking recommendations for lesser-known science fiction films that delve into profound themes and offer more than just special effects. While classics like *Blade Runner* and *2001: A Space Odyssey* are well-known, I'm interested in exploring underrated gems that provoke deep thought. Films like *Coherence* and *Primer* have intrigued me with their complex narratives. Any suggestions for other mind-challenging sci-fi movies?",discussion_question,"Primary purpose appears to solicit explanation, comparison, recommendation, or debate.",https://www.reddit.com/r/TrueFilm/comments/1jjmuj7/seeking_lesserknown_scifi_films_with/,post,reviewed,Kept original label after QC/spot-check
"movies that don’t explain themselves.. just exist and expect u to feel it

i’m not talkin about confusing plots or artsy editing.. i mean films that just breathe on their own pace.. with no intention to explain themselves to u no loud emotions.. no backstory spoon-feeding.. just vibes, shadows, and feelings u gotta meet halfway under the skin did that to me.. also the assassin.. the hand of god.. some tarkovsky stuff too these films don’t hold ur hand.. they trust u’ll get it — or not. and that’s kinda the beauty which films hit u like that?",discussion_question,"Primary purpose appears to solicit explanation, comparison, recommendation, or debate.",https://www.reddit.com/r/TrueFilm/comments/1np786i/movies_that_dont_explain_themselves_just_exist/,post,reviewed,Kept original label after QC/spot-check
"Looking for recommendations for films with Doubling

I hope this post is allowed, I thought about posting in the director’s subreddit but that seems much more set-craft oriented. I’m working on a new project and am looking for directorial inspiration. The film involves a doppelgänger motif, and I’m curious if any of you have recommendations of films that engage in doubling - ideally in the horror/thriller genre but I’m happy to take any genre as this is more of a cinematography exercise than a narrative one. So: looking for films where the protagonist (or another character) has some sort of doppleganger or is doubled in some way visually. Bonus points if the character has an alter ego that they perceive as an enemy only to discover it’s a shadow version of themselves. If you have any thoughts on how the director achieves this visually through mis en scene and cinematography and whether it works for you personally or not I’d love to hear it. The two most obvious examples I can think of are Persona (1966) and Black Swan (2010). I haven’t watched The Double (2014) but I imagine this will also suit my purposes. Fight Club probably also does? I can’t remember the visuals of this one so well so I’ll revisit. I vaguely the show Mr. Robot also playing with this style of imagery but if anyone who remembers it better can point to specific episodes that’d be great. Any and all ideas of things to look at are welcome and appreciated, thank you. If you know another subreddit that might also be helpful let me know! Thanks in advance.",discussion_question,"Primary purpose appears to solicit explanation, comparison, recommendation, or debate.",https://www.reddit.com/r/TrueFilm/comments/1nq6705/looking_for_recommendations_for_films_with/,post,reviewed,Kept original label after QC/spot-check
"Mildred Pierce"" (1945) - Why did Veda dislike her devoted mom? The film doesn't answer it properly, the book and TV mini-series do.

If you see Mildred Pierce, the film, you're left wondering what is Veda's problem? Why does she dislike her mom, Mildred, who's devoted and caring and does everything she can so she can please her spoiled and selfish daughter? The book truly gives greater insight into Veda and the writer, James M. Cain, based it partly on his own experiences with his own mom. The Michael Curtiz's film doesn't show how overbearing Mildred is, how she never gives space for Veda, how she's constantly badgering her child, how she cries out of joy over her youngest daughter, Kay, dying instead of Veda, her favorite. Veda blaming Mildred for her kid sister's death on Mildred because Mildred was away while Kay got sick. At one point, Mildred suggests she harbors incestuous feelings for her daughter, getting excited over kissing her. Of course, the film could never touch on the subject of incest in 1945. The impression I got was Veda was trying everything she could so she could get away from Mildred and her control. What Mildred saw as concern and love, Veda saw it as Mildred constantly hovering over her, never giving her space, being uncomfortable by how clingy she was. The murder mystery was added into the film because they had to give the film a conventional ending. The subject of a parent being emotionally toxic was unheard of in the 40s.",discussion_question,"Primary purpose appears to solicit explanation, comparison, recommendation, or debate.",https://www.reddit.com/r/TrueFilm/comments/1jnkspy/mildred_pierce_1945_why_did_veda_dislike_her/,post,reviewed,Kept original label after QC/spot-check
"Bugonia (2025) - we are violent apes [spoilers]

What a beautifully shot film, with super saturated crispness that is garishly REAL, even as super real as the conspiratorial mind that animates its plot. I sat with this film for a while finally having watched it tonight, and it wasn't until I considered that the entire ""twist"" of the film, >!that she really IS an alien of great royalty, was instead a Wizard Of Oz *conk-head-halucination*, that I feel I started really getting it. What bothered me about the ending was that the Earth itself was portrayed as flat, as part of an ultimate reveal of what really is the case. Why would this be so? Is this just a final send up of the layers of conspiracy that envelop our thinking and politics? For me, there really was no good reason for Teddy Gatz's head to knock our leading lady out, other than to at least open up this Wizard of Oz possibility. What I'm left with is actually the brute reality that was found in Michelle Fuller's confession/reveal speech, easy to miss because it was surrounded with so much mythology and such a ""pulling back the curtain"" detail. Strip it all away and this is what we get: Humans just are brute and violent apes, and so much of their imagination is filled with the aggression of that ancestry, even Plemons character, played with so much polite sympathy is a horrendous, torturing, psychotic serial killer. Gatz has no really issues with his sexual abuse as a child, and politely defers, until his skull-smashing self pulverizes the confessionist (as if one of the hominid apes with a bone in 2001: A Space Odyssey). The myths and conspiracies in this sense don't really matter. If Fuller is (possibly) hallucinating that she is INDEED an alien Queen, then really the tooth-and-claw reality of the human species is ultimately the driver of it all. She is the winner, Gatz is the loser. The class politics even become erased as both conduct their yoga workouts in parallel in the morning.!< There are many ways to meaningfully read this film, in fact it purposely opens itself up to lines of interpretation as if our desire to interpret reality itself, and ""discuss"" it, is part of the plague of human existence (Gatz suggests this). The problem is that what lies beneath interpretation and discussion is mythos fantasy, unbreakable delusions of explanation, pictures of the world and its past, conspiratorial explanations of outside powers variously pulling strings, whether they be advanced aliens (malicious or benevolent) or a God and the Devil...and, beneath even these sense-making powers, is the brute reality that we are violent apes. We are caught between our aggression...and the discussion of ""reasons"", living in various ideological pictures which operate mythologically. In the end, we are free to choose which ""levels"" of the film are the realist, real ones, which is the same in life. This is why the Earth was ""really"" flat in the end. There is no place to comfortably stand. We are left with on the[ ritual of the Bugonia](https://en.wikipedia.org/wiki/Bugonia), a ""factually"" wrong, but mythologically real belief that out of the rotting corpse of strength sweet honey bees will be born. It's quite a film with very high level performances, will keep me thinking for a long time.",analysis,"Primary purpose appears to solicit explanation, comparison, recommendation, or debate.",https://www.reddit.com/r/TrueFilm/comments/1ufk8c5/bugonia_2025_we_are_violent_apes_spoilers/,post,reviewed,Relabeled during QC: discussion_question → analysis
"American Beauty, Blue Valentine, Revolutionary Road, Little Children. What are the some other good movies about middle life crisis?

Preferably made in the last 50 years. Foreign movies ok. American Beauty was and is a masterpiece. Blue Valentine is phenomenal as well. Want to see brutal, realistic and unflinching portrayals. Some middle life cliches are true, my father in law, cheated on his wife with his tennis instructor, got a messy divorce then bought... a Harley Davidson motorcycle. Would love to see some other recommendations from the movie buffs over here.",discussion_question,"Primary purpose appears to solicit explanation, comparison, recommendation, or debate.",https://www.reddit.com/r/TrueFilm/comments/1nsmxrf/american_beauty_blue_valentine_revolutionary_road/,post,reviewed,Kept original label after QC/spot-check
"How are 35mm prints struck these days?

I know in the early 2000s an interpositive or internegative was filmed out (laser printed?) then that was used to photochemically create release prints, is this still the practice for movies that have 35mm showings? I’m aware of the new digital>film>digital method that was used for dune but is digital straight to film the new way without the need for IPs or INs? Cheers just curious",discussion_question,"Primary purpose appears to solicit explanation, comparison, recommendation, or debate.",https://www.reddit.com/r/TrueFilm/comments/1noj3md/how_are_35mm_prints_struck_these_days/,post,reviewed,Kept original label after QC/spot-check
"I can't stand watching films that are dubbed

Of course I know most of you will agree that watching foreign films dubbed in your mother tongue is inferior to just reading subtitles with original audio But I don't mean this kind of dubbed. I mean when the film is originally made with dubbing instead of real audio from the set. This came to my mind again today as I went to watch Shanghai Blues (1984). Seems like something I'd enjoy, but, for whatever reason, this is an originally dubbed film. Every dialogue was recorded after the footage. Or at least that's what's in the copy I found to watch. I wish I could get into Giallo (Italian horror genre), but every film from that era also has this problem. I know why they were made this way but it's so unfortunate. I just can't get past this. It bothers me too much to the point of preventing me from actually paying attention to the story. What are your thoughts on dubbing? Should I just force myself into watching these films and see if I get used to it?",discussion_question,"Primary purpose appears to solicit explanation, comparison, recommendation, or debate.",https://www.reddit.com/r/TrueFilm/comments/1ufzp1l/i_cant_stand_watching_films_that_are_dubbed/,post,reviewed,Kept original label after QC/spot-check
"[Spoilers] Am I overthinking Black Bag?

Just watched Black Bag and I enjoyed it! I thought it was a nice and tight 90 minute spy mystery that let you think for yourself. I loved the ending which tells you who the mastermind is without outright saying they got away with it. However, after reading peoples reviews of the movie it seems like I'm the only one with this opinion. That opinion being that the wife was the mastermind. It's brought up multiple times that the wife is insecure about money and ""luckily"" at the end of the movie they end up with 7 million pounds. She also keeps saying ""I'd only lie if I had to"" to the husband. Some commenters(with hundreds of likes) said stuff like ""it was obvious the ticket was planted because she reacted to the movie in the theatre! I love how we were subverted by the fact that they're actually just a ride or die happy family"". And... that's just not what happens in the movie... she doesn't react to the first jump scare when her husband is watching the movie and then when he turns his head to look at her she only jumps at the second one. Also every time the husband interrogates or accuses someone about planting the ticket in his house they all react genuinely confused. I know they're actors and all, but their performance never made me doubt their confusion at the question/accusation. We also never get conformation in the movie about the ""planted"" ticket. During the breakdown scene we get to see flashbacks of the suspects while everything is being explained yet we never get a smoking gun when it comes to the ticket. The ticket also gets brought up again in the final scene where the husband says something along the lines of ""you'd never be so careless to leave something like that laying about"" he thinks that means someone planted it, but it could equally be the case that she wanted him to see it. She wasn't being careless because she wanted him to find it. The penultimate scene is the wife talking to her superior and basically telling him to retire. It's almost like she's gunning for his position. In the final scene the husband says that the superiors plan going tits up is bad for the director, but she says he's getting ""lap dances from the CIA"" trying to make it sound like the director is in a good position still. However, the husband counters that ""everything will come out eventually"" which means that in the long-term this was a disaster for the director. There was also a line that stood out to me in the second half of the film where the wife says something along the lines of ""it's fine it had to be done anyways"" in regards to her making a trip to Zurich. It's a vague line that made me think ""what?"" when she said it because she was sent there to be set up... why would she ""need"" to have gone anyways then? Unless of course she needed to go because she needed her husband to mess with the satellite to let the target escape his residence. Anyways, I've only watched the movie the once, so maybe I missed some stuff or I simply read to far into the story expecting more or something. It's just I saw a lot of comments saying ""a refreshing straightforward spy thriller!"" when that's not at all what I got out of it lol Did I fall for red herrings or am I making some kind of sense? P.S. If this is a common opinion and I just so happened to miss all the comments talking about it could someone send me a link to someone breaking it down lmao",discussion_question,"Primary purpose appears to solicit explanation, comparison, recommendation, or debate.",https://www.reddit.com/r/TrueFilm/comments/1ji764m/spoilers_am_i_overthinking_black_bag/,post,reviewed,Kept original label after QC/spot-check
"How do you like your book adaptations?

I was thinking since I saw One Battle After Another, which is a LOOSE adaptation of Vineland. It takes an action approach, so we see the hippie rebellion against migrant camps and right wing reprisals. However, The books point is that that both fade away from the 60s-80s because of shifts in politics and flaws in the hippie movement. Both are a result of a more individualist society. How do you update the politics of Vineland to today? I don’t know if you can. But how do you like your book adaptations if you’re familiar with both the book and movie? One Battle After Another keeps the father/daughter story and Pynchon weirdness but not the politics. Do you prefer that or something like No Country for Old Men, which is a straight adaptation?",discussion_question,"Primary purpose appears to solicit explanation, comparison, recommendation, or debate.",https://www.reddit.com/r/TrueFilm/comments/1nsyq7y/how_do_you_like_your_book_adaptations/,post,reviewed,Kept original label after QC/spot-check
"Could a fictional movie in the style of James Joyce's Ulysses work?

Currently in the middle of James Joyce's Ulysses. An incredibly difficult book to say the least, one I find alternately agonizing and fascinating. What I find most captivating is the format of the book: Joyce incorporates a multitude of writing styles; in each chapter, a different style can be found. The book runs the gamut from stream-of-consciousness to 19th century sentimental women's novels to editorials to play format and more. In one chapter alone, ""Oxen of the Sun,"" the style shifts on a dime, with Joyce parodying over 30 different styles of prose by canonized authors such as John Milton, Sir Thomas Malory, Thomas Huxley, John Bunyan, Charles Dickens, and more. We've seen movies mix genres and even mix a few styles very effectively. We've also seen directors mimic the style of auteurs. But in Ulysses, Joyce parodies and changes the writing style depending on the scene and the narrator, and the style can shift suddenly without warning. What do you make of a movie if a director brings that same thought process to a movie? In other words, a movie that constantly shifts to a specific style of director depending on the scene? For example, in one scene, perhaps during a conversation between the main character and his family members in a household where marriage is discussed, the style of the film could replicate that of an Ozu film, replete with tatami-shots. Then during an action scene, while the main character is engaged in a shoot-out with adversaries, the movie's style replicates a John Woo film, with a lot of bloodshed and tons of edits. When the main character has to choose between two women, it becomes an Eric Rohmer film with garrulous characters. During a flashback, the movie shifts to become a black and white silent film emulating a work by Griffith/Murnau/Lang etc. In another scene of the movie, when the protagonist is reflective, it shifts to a film reminiscent of a Tarkovsky or Bergman film. When he has a dream, it becomes Bunuelian/Lynchian. The movie could even parody Hallmark movies complete with a sappy sentimental ending peppered with trite and cliched dialogue. I don't know any one single director who could pull this off. But I think it would be fascinating experiment for one to try. What do you think? Could it work? Would you watch it?",discussion_question,"Primary purpose appears to solicit explanation, comparison, recommendation, or debate.",https://www.reddit.com/r/TrueFilm/comments/1pz02e2/could_a_fictional_movie_in_the_style_of_james/,post,reviewed,Kept original label after QC/spot-check
"Revisiting Congo (1995): B-Movie Adventure with A-List Ambitions

The *Nerdspresso* review, [""Drinking Raindrops While Talking to Gorillas on My Congo Vacation""](https://southpointaccess.news/2024/11/30/nerdspresso-drinking-raindrops-while-talking-to-gorillas-on-my-congo-vacation/), takes a nostalgic look back at [Congo (1995)](https://youtu.be/MBohjBi348Y?si=UQb7jMWbikjMa5By), a jungle adventure that mixes B-movie thrills with A-list ambitions. Adapted from Michael Crichton’s 1980 novel, the film was directed by Frank Marshall and features a star-studded cast, including Laura Linney, Dylan Walsh, Ernie Hudson, and a gloriously over-the-top Tim Curry. While *Congo* was met with lukewarm reception upon release, it has developed a cult following over the years. The film leans heavily into pulp adventure tropes - ancient ruins, laser beams, and a lost city guarded by killer apes - but it’s all delivered with a knowing wink. The review highlights the charm of Stan Winston’s practical effects and the nostalgic thrill of the jungle atmosphere, even if the film’s dialogue (especially from Amy, the sign-language-speaking gorilla) borders on absurd at times. Despite its flaws, *Congo* feels like a throwback to the era of Saturday matinee adventures - an experience that balances camp with genuine excitement. But with today’s focus on hyper-realistic CGI and tightly plotted narratives, do films like *Congo* still hold a place in modern cinema? Or has the charm of pulp-style, adventure-for-adventure’s-sake filmmaking been lost? * Does *Congo* hold up today, or is it too dated for modern audiences? * Are there any recent films that successfully capture a similar sense of adventure? * How does *Congo* compare to other Crichton adaptations like *Jurassic Park* or *Sphere*? Check out the full review here: [Nerdspresso’s Take on *Congo*](https://southpointaccess.news/2024/11/30/nerdspresso-drinking-raindrops-while-talking-to-gorillas-on-my-congo-vacation/)*.*",discussion_question,"Primary purpose appears to solicit explanation, comparison, recommendation, or debate.",https://www.reddit.com/r/TrueFilm/comments/1jo3euk/revisiting_congo_1995_bmovie_adventure_with_alist/,post,reviewed,Kept original label after QC/spot-check
"70's New Hollywood and the failure of the promise of streaming revolution

Despite being subscribed to 4-5 of the most common major streaming platforms in the U.S., lately I have been increasingly feeling like there's nothing to watch. ""But how could that be true?"" I have asked myself as I scroll through hundreds of titles across these various platforms. Typically each service will have a handful selection of all-time great movies, unfortunately many of which I have already seen. I considered maybe the problem is with me. But then this month I began reading Peter Biskind's ""Easy Riders, Raging Bulls."" For those not familiar, the book chronicles late 60's through the 70's Hollywood through the rise and fall of New Hollywood directors such as Coppola, Bogdanovich, Friedkin, Scorsese, etc. The book is lively and entertaining, but maybe a bit gossipy for my taste. Now of course when you consume a piece of media like that, you immediately want to revisit many of the films that are discussed in the work. However, I was completely shocked to discover just how few of these films are readily accessible through what I would call ""Mainstream"" movie streaming platforms. The following is a list of movies discussed in this book which are only available to watch through digital means via purchasing the films through digital download. They are not available to stream for free via a subscription on any platforms: * Bonnie and Clyde * Easy Rider * MASH * Five Easy Pieces * The Last Picture Show * McCabe and Mrs. Miller * Harold and Maude * The Godfather Part I & II * The King of Marvin Gardens * American Graffiti * Badlands * Mean Streets * The Exorcist * The Conversation * Chinatown * Nashville * Shampoo * Days of Heaven * Apocalypse Now * New York New York * Reds * Sorcerer * Being There This isn't meant to be exhaustive but illustrative, and there are many others that might be available only on ad-supported platforms making watching them akin to watching films on cable TV. I'm sure there are very complicated reasons why the streaming rights to a huge swath of Hollywood royalty are tied up in this or that deal. I also understand that all of the major streamers pivoted away from licensing other studio's movies to be able to spend billions producing their own dreck. I'm also aware that these rights differ by country, and things may look differently outside of the U.S. But this realization was damning to me. Especially as someone who came of age in a time when one could get almost an entire film education through a couple of streaming platforms. Now we have less great films available across 6-7 streaming services than we used to have across 1-2. This also isn't a call for a return to our roots in physical media like many would have it. For me personally the ship has sailed, I have neither the money nor the desire to house a physical movie collection. Luckily my local library has probably 80% of these movies on their shelf. Of course no one should ever rely on one company or one service to be able to provide a full lexicon for the history of film, but dammit this is not what we were promised. Streaming was supposed to usher in a new age of accessibility to old masters, and now directors like Altman, Bogdanovich, Coppola's entire careers are absent from where people go to consume movies. I can only assume this trend will continue and worsen.",analysis,"Primary purpose appears to solicit explanation, comparison, recommendation, or debate.",https://www.reddit.com/r/TrueFilm/comments/1joglsl/70s_new_hollywood_and_the_failure_of_the_promise/,post,reviewed,Relabeled during QC: discussion_question → analysis
"Mexican films recomendations?

So I would like to preface this by saying that I am indeed Mexican, however it's very hard to find good Mexican films that go beyond the comercial, don't get me wrong, I know Arturo Ripstein, Cuaron, Iñarritu, Carlos Enrique Taboada, Luis Buñuel (I know he's not Mexican but he made great Mexican movies) etc etc... But I feel that outside of those very recognized artists there's not very much talk. Can anyone recommend good Mexican movies, maybe something from the 70's and up? Considering that the golden age of Mexican cinema is also very well documented.",discussion_question,"Primary purpose appears to solicit explanation, comparison, recommendation, or debate.",https://www.reddit.com/r/TrueFilm/comments/1jlxp82/mexican_films_recomendations/,post,reviewed,Kept original label after QC/spot-check
"The Brutalist (2024) - Why is Art always conflict?

One Eisenstein quote came to mind while watching this : > ""FOR ART IS ALWAYS CONFLICT: 1. because of its social mission. 2. because of its nature, 3. because of its methodology."" Classical, exuberant filmmaking at its finest. Each seductive long take seeps into the other with such confidence that the 3 and three-and-a-half runtime didn't even matter. I was glued to the screen; no one could get me to look away because I won't look away when this kind of precise blocking and movement within the frame occurs. Adrian Brody's bravura performance as a tragic artist trying to wrestle with being an immigrant, an architect, an uncle, a husband, the exploitation of creative force – the explicit meaning is clear here – he represents a filmmaker while Guy Pearce is your typical Hollywood executive – he cares more about his reputation, trying to hide his homosexuality which you do feel that something is being hidden before the reveal happens. A little deeper amongst the brutalist architecture, an artist successfully immortalises himself within the grand monument which I think looks like King Solomon's First Temple. It started with an inverted Statue of Liberty, and it ends with an upside-down cross. There are some poetic elements here, Lazlo's memories and dreams, when they're externalised by slow, droning shots. The latter lunch sequence, where slo-mo shots of the other guests are shown in a surreal fashion, like a dream. There is also an element of expectation, Lazlo is told that he's not what they expected, his wife and niece isn't what he had in mind when the narration reads the letter. It's one of those rare films where the narration actually blends in with the action. Narration is associated with the past, the action (what's happening on the screen) is the present. I read in the Material Ghost : ""The presentness of the action won't tolerate the pastness of narration"" But the narration (past) and action (present) are both synonymously realised here. The past comes roaring back with the urgency of the present. Finally, down to what exactly keeps the film going – seductive long takes that start from the entrance, then solemnly returns to it. You can make a diagram of the characters' movement. We know it's movement that creates space. There are times when the camera becomes autonomous, focusing not on what's important but something else, like the lunch sequence I mentioned earlier. From the late 1940s to the 1950s, there is an insertion of documentary footage that lets us know what's happening in the country. It has an ironic effect; the narrator sounds very naive while the situation on the ground is something else. I think it captures the immigrant assimilation very well, which happens, but it is still incomplete when Americans still treat you like a foreign substance whose desperation to fit in is exploited, even raped, but still the tragic artist in a foreign land triumphs.",analysis,"Primary purpose appears to solicit explanation, comparison, recommendation, or debate.",https://www.reddit.com/r/TrueFilm/comments/1nr2e44/the_brutalist_2024_why_is_art_always_conflict/,post,reviewed,Relabeled during QC: discussion_question → analysis
"Underrated movie ""All My Friends Hate Me"". Opinions?

Hi, I've just seen movie All My Friends Hate Me. It struck me with its life like intensity and deep meaning. I was then surprised by very mixed reviews and reception. What do you think about this movie? My opinion is that it is sort of millennial coming of age movie. The movie is based on the idea of ""millennials entering their middle age"" and accepting responsibility, dealing with guilt of their 20s, anxiety/depression, and searching for new more honest ways of communication. This concept became so familiar to me in recent years as Im being basically the same age group as characters portrayed. From my point of view the movie perfectly hit the spot of what are many liberal-lefty millennials experiencing as ""existential crisis"". I love the idea that means of communication based on postmodern irony and post-irony are no longer functional in our daily life and became counterproductive and misleading as we enter our 30s. I think this movie is very similar to movie The Comedy directed by Rick Alverson that I also really enjoyed. What are your opinions on this movie? Do you know any similar good movies to recommend?",discussion_question,"Primary purpose appears to solicit explanation, comparison, recommendation, or debate.",https://www.reddit.com/r/TrueFilm/comments/1jklhjl/underrated_movie_all_my_friends_hate_me_opinions/,post,reviewed,Kept original label after QC/spot-check
"The Forgiven (2021) by John Michael Donagh.

\-I've read many opinions about this film. A lot of reviewers see it as a straightforward morality tale about awful rich white people - while others read it as morally murky. Some even say the film reveals at one point that the Driss character had connections to ISIS and possibly his father as well. Did I miss something? \-For me, while Fiennes' storyline is strong, his arc is not fully convincing. Chastain has less to do, but is a bit more interesting due to it being an absolute trip to see her play a character like this. \-Overall, I think the film has a pretty obvious message, but it's also darkly funny and pretty cynical. What is your analysis?",discussion_question,"Primary purpose appears to solicit explanation, comparison, recommendation, or debate.",https://www.reddit.com/r/TrueFilm/comments/1q0qke1/the_forgiven_2021_by_john_michael_donagh/,post,reviewed,Kept original label after QC/spot-check
"The Night of the Generals (1967) Authority, Ambiguity, and Moral Reckoning

Re‑watching The Night of the Generals has left me pondering how the film blends a whodunit with a critique of military obedience. Anderson’s “dual‑track” narrative, alternating the police investigation with flashbacks of each general’s wartime actions, forces us to question not only who committed the murders but why the chain of command can shield such crimes. The recurring visual of shadows behind pristine uniforms reinforces the tension between order and moral decay. Do you think the ending offers a true resolution, or does it bow to the constraints of 1960s Hollywood? How does the film’s structure affect our empathy for the suspects, and can we draw parallels to modern debates on command responsibility?",analysis,"Primary purpose appears to solicit explanation, comparison, recommendation, or debate.",https://www.reddit.com/r/TrueFilm/comments/1pv6x8f/the_night_of_the_generals_1967_authority/,post,reviewed,Relabeled during QC: discussion_question → analysis
"I feel like you missed the point of the movie by watching it for the plot when what makes it worthwhile is almost entirely the visual spectacle. It’s not a “feels like” retelling, it is a very straightforward retelling. Shakespeare is a framework Kurosawa occasionally uses where royal infighting applies surprisingly well onto feudal Japan in capturing tone. Regarding its worthiness, I would point to how astoundingly choreographed and painterly it is. The humongous battle scenes, the buildings on fire, all the costumes people are wearing, soldiers and horses running around and corpses absolutely painted with blood, the landscape especially in its occasionally surreal switches from vibrant grassland to alien deserts. It’s a very impressive use of color, these very tonal brown-grey-skin tone-muddy landscapes punctuated with bright primary colors, natural elements, and movement. The appeal nowadays I think apart from the visuals is the scale—movies of this amount of spectacle and people present choreographed aren’t made any more (excluding maybe most recently such notable titles as RRR)—the comparison for huge expensive pictures with a ton of people working on them nowadays would be the marvel movie, but that completely lacks the same sort of “how did someone arrange all of this, cue everyone in synch, and organize such sequences of scale and then time and position it all just right to capture it on film? Nowadays there are too many unnatural camera angles or unreal elements that scenes of this sort don’t read the same way, and certainly, apart from maybe Chinese hiatrical epics, films with this many people in costume doing things in as elaborate scenes as those in Ran at once aren’t being made.",analysis,"Primary purpose appears to solicit explanation, comparison, recommendation, or debate.",https://www.reddit.com/r/TrueFilm/comments/1lok0bw/i_saw_ran_by_kurosawa_today_in_a_cinema_for_the/n0nkg7q/,comment,reviewed,Relabeled during QC: discussion_question → analysis
"Marty Supreme's ending is optimistic, true-to-character and phenomenal

After leaving my 2nd viewing and parsing through various analyses, reviews and opinions, I still believe the ending of Marty Supreme is (nearly) unquestionably *optimistic* and *great.* Safdie believes the same and claims to have written the film with the view that it is Marty's own retelling of his past, to his (grand) children. While I'm aware of his thoughts/intent, I want to stay away from referring to the director as the arbiter of what is really subjective interpretation. I find it challenging to read the ending, Marty's smile and tears as anything but hopeful and authentic to Marty's character. He is happy and eager to enter this new phase of his life; I see a man ready to embrace the role of fatherhood headfirst. The final match, his (un)official win against Endo was a liberating act. Marty is finally able to experience his Super Bowl, his moment of catharsis. Albeit unofficially, he beats Endo, and that's what mattered to him. Regardless of the condescension and apathy he receives for taking *ping pong* as seriously as he does, he gets the only possible version of what he wanted, and as a result, he is free. From that moment on, a man who has evidently shown he is a runner, has no qualms with not settling and running from his debts and responsibilities, makes the choice to return to New York, enter the hospital and face the music. Why would someone who isn't excited about what's to come, decide to welcome the immense responsibility and transformation of parenthood (and assuming marriage), explicitly state ""I'm the father"", kiss the hand of the mother of his child, sit with her, *and* tell her he loves her? Why would he look his child in the eye and weep, at times smiling through the tears? The pursuit of table tennis greatness is over and a couple of Mauser's tears may be downstream the end of that dream, but the majority flow from a river of hope. Marty got his catharsis after beating Endo, he reached his mountaintop and now, only after doing so, is ready to fulfill his new (arguably grander) purpose. I view this ending as Safdie firmly rejecting cynicism. Your life is not over simply because you did not achieve your dream (exactly the way you wanted to). Marty does not 'Dream Big' and come crashing down, he 'Dreams Big' and 'Dreams On'.",analysis,"Primary purpose appears to solicit explanation, comparison, recommendation, or debate.",https://www.reddit.com/r/TrueFilm/comments/1pz5psb/marty_supremes_ending_is_optimistic/,post,reviewed,Relabeled during QC: discussion_question → analysis
"Non-Actors Starring in Movies

From the beginning of the American film industry, when Edison filmmakers captured Annie Oakley’s sharpshooting act for posterity, what became Hollywood has exerted a gravitational pull on stars from other fields. From comedians and singers to athletes, professional wrestlers and even military personnel, stars from a variety of fields have starred in movies. Sometimes, these non-actors become major stars: standup comic Steve Martin, bodybuilder Arnold Schwarzenegger, wrestler Dwayne “the Rock” Johnson. Beginning in musicals, Frank Sinatra carved out an Oscar-winning second career in movies, as did his occasional costar Bing Crosby and Cher. Johnny Weissmuller is possibly better remembered for playing Tarzan in movies than for winning five Olympic gold medals as a swimmer. (Esther Williams also made the transition from competitive swimmer to movie star.) David Bowie, Kris Kristofferson and Ice Cube had long-running cinematic careers with some memorable roles. Sometimes, even a pure star vehicle like *A Hard Day’s Night* can become an excellent, entertaining movie. Sometimes, in the case of *The Red Shoes*, bringing in an incredibly skilled non-actor to play a character with that skillset is the right decision. On the other hand, even a superstar in another field can flop in the movies: see Hulk Hogan and Shaquille O’Neal. I think it’s a safe, consensus view to say that, while he made a few good movies, Elvis Presley’s cinematic career ultimately represents wasted potential. What do you think? Do any films starring non-actor stars strike you as particularly good or particularly bad?",discussion_question,"Primary purpose appears to solicit explanation, comparison, recommendation, or debate.",https://www.reddit.com/r/TrueFilm/comments/1jlcwcz/nonactors_starring_in_movies/,post,reviewed,Kept original label after QC/spot-check
"What makes a great third act?

I've been thinking lately about how disproportionately important the third act is to a film's overall merit. You hear people talk about how everything preceding the third act is foreplay. That is dead-on true. What do you think makes a great third act? I'm struggling to determine what specifically that is. I have been thinking about how a good technique mise-en-scène-wise for making a powerful ending is when the setting artfully contrasts with what came before. Imagine a movie where the first and second acts take place in a rural village and the third act is in a bustling metropolis. Part of it, I think, does have to do with the subversions the third act decides to make being interesting.",discussion_question,"Primary purpose appears to solicit explanation, comparison, recommendation, or debate.",https://www.reddit.com/r/TrueFilm/comments/1nt1kt6/what_makes_a_great_third_act/,post,reviewed,Kept original label after QC/spot-check
"Theirs Is the Glory (1946) and A Bridge Too Far (1977)

After seeing *A Bridge Too Far* God knows how many times (that's a quote), I only just learned of *Theirs Is the Glory*, an earlier film depicting the Battle of Arnhem. People talk about movies that ""you couldn't make today"", but recreating a battle just a year after it took place, with many of the original participants and in the original location is something you can only do once. I can't imagine how surreal it would have been for them, and who knows whether that added to their trauma or helped them work through it. The resulting drama is more focused on the rank-and-file experience than *Bridge*, which really is a story of officers and strategists. The sense of what the enlisted men went through and the fight they put up is keener here, and some of the combat scene get more intense than anything in the later film. It is interesting that some of the most memorable moments from the Arnhem section of *Bridge*, like flaming the pillbox, the ill-fated attempt to retrieve a supply box, and Kate ter Horst's reading to the wounded, are direct remakes of scenes from this film. While *A Bridge Too Far* gives you a splendid view of the Dutch countryside, and also of the entire multinational Operation Market-Garden, this film exclusively shows the British Airborn action, trading grandeur for a claustrophobic feeling of how trapped those men were (once scene where they spell out that they're facing two panzer divisions with some 200 tanks drives home their dire odds better than I'd ever realized). The day-by-day format, with an embedded war correspondent's dispatches as a framing device, conveys much better just how long they were holding on; *Bridge*, despite mentioning in dialogue how many days have passed, makes you feel like General Urquhart barely outlasted John Frost and XXX Corp gave up too easily after Nijmegen, not that they fought hard for five more days before having to accept the withdrawal. Of course, these aren't accidental differences. Or even if unconscious, they are significant. The difference is right there in the film titles. *Theirs Is the Glory* was released on the first anniversary of VJ day, when celebrating the valour of the retuning troops and of those left behind was the order of the day. *A Bridge Too Far*, released two years after the fall of Saigon, looks a lot more like a crypto–Vietnam film about incompetent leaders sending the troops on a fool's errand, and not even having the gumption to see it through. Has anyone else seen these two films and have any thoughts? (*Theirs Is the Glory is on Tubi, if anyone want to find it.) Has anyone else thought about the post-Vietnam context for *A Bridge Too Far*? I hadn't thought such about that until now. *The main text above is a cross-post of my [Letterboxd review](https://boxd.it/baroAf)*",analysis,"Primary purpose appears to solicit explanation, comparison, recommendation, or debate.",https://www.reddit.com/r/TrueFilm/comments/1nppr8c/theirs_is_the_glory_1946_and_a_bridge_too_far_1977/,post,reviewed,Relabeled during QC: discussion_question → analysis
"How did you feel about the use of the colour blue in Blue Is the Warmest Colour?

I loved the movie overall, but felt the use of blue was just bolted on in various places. It also doesn’t seem to be used consistently to highlight one particular aspect, but rather appears all over the place, seemingly just to draw attention. I’m not super deep into movies or art in general, so I’m a bit lost on whether there are ‘standard’ interpretations of things like this that others might have noticed, which I missed.",discussion_question,"Primary purpose appears to solicit explanation, comparison, recommendation, or debate.",https://www.reddit.com/r/TrueFilm/comments/1nrluoo/how_did_you_feel_about_the_use_of_the_colour_blue/,post,reviewed,Kept original label after QC/spot-check
"What was the Best Movie of 1999?

American Beauty notably won the Oscar for Best Picture at the 2000 Academy Awards. At the time it was somewhat controversial, but not many realized just how memorable of a year 1999 would end up being. It is now sighted as one of the best years in cinematic history all over the internet. What do you think think deserves the title, Best Movie of 1999? Or did the Academy get it right?",discussion_question,"Primary purpose appears to solicit explanation, comparison, recommendation, or debate.",https://www.reddit.com/r/TrueFilm/comments/1pzbwe6/what_was_the_best_movie_of_1999/,post,reviewed,Kept original label after QC/spot-check
"Honest question - how do you deal with folks talking/texting in every screening these days?

Lifelong film lover - I have a degree in film production and work in the industry. However, I've just about sworn off the theater experience altogether. In my last TEN screenings, yes ten, I've had to ask someone to please stop talking, stop texting (or literally stop using a laptop), had to wake someone up who was snoring, etc. And these are just the screenings I've been counting for. This has been an issue for a long time, but it's gotten *so* much worse over the last decade. I've tried different theaters, in different cities, at different times. For a moment, taking a half day at work to see a matinee towards the back end of a film's run seemed to work, but that has completely fallen apart. Maybe the move is to go opening night, now? That's something I've avoided for a long time, for this reason. How do you guys deal?",discussion_question,"Primary purpose appears to solicit explanation, comparison, recommendation, or debate.",https://www.reddit.com/r/TrueFilm/comments/1lnmc6b/honest_question_how_do_you_deal_with_folks/,post,reviewed,Kept original label after QC/spot-check
"Martin Scorsese's ""Raging Bull"" (1980): Analysis of the Religious Themes and the Biblical quote from the film.

Raging Bull ends with this quote from The Bible: ***""Speak the truth before God, we know this fellow is a sinner""*** and the man replied ***""Whether*** ***or not he is a sinner, I don't know, but once I was blind, Now I can see""*** Let's explore what this could mean in the context of the film. In the Biblical context, there was a man who was cured of his blindness miraculously by Jesus. Sceptics of Jesus' power approach the cured man and ask him to tell the truth, to testify against Jesus that Jesus is a sinner. But the cured man simply replies that he doesn't know if Jesus is a sinner nor that he cares, but at least he opened my eyes. While Jake LaMotta's character and whether the things he did are morally correct is a totally different conversation, the raw portrayal of his downfall in this film we all spent a couple hours watching at least opens up something in us, opened up your eyes in some way. So, that quote nicely explains the purpose of the film without being very on the nose. The film, much like that blind man, isn't more interested in absolving or condemning Jake, it's more so interested in showing the truth of his existence without flinching in an unfiltered manner. Another interpretation of that Biblical quote could be from the point of view of Jake himself, who was then much older and self reflective, but was previously blind to his sinful ways. After his downfall and losing his family, he sees through them and realises he was the problem. I read online a couple theories from other people on how Jake's posture in his last ever match shown in the film v/s Sugar Ray Robinson evokes the crucified posture of Jesus with the arms wide and blood pouring down the body from his wounds, which adds to this interpretation. While I don't personally rock with a person like Jake being potentially portrayed as a Christ-like figure, I can pass it off because it is subtle and the final Biblical quote does land. Or maybe it is to show that Jake LaMotta has gone so far down his delusional vanity that he feels like Jesus getting crucified when he finally loses and if the whole boxing world conspired against him. He even leaves by frantically repeating ""I never went down Ray"" \------------------------------------------ Let's now explore what makes Jake LaMotta a ""sinner"" in the religious context. Just for quick recap, the 7 deadly sins in Christianity are Pride, Envy, Lust, Gluttony, Sloth, Greed & Wrath. It is worth noting that the film depicts Jake LaMotta indulge in all seven of them in some form. The #1 thing I love about Raging Bull is the fact that it epitomizes the age old teaching and Christian saying that ""Pride"" is the deadliest/worst one out of the 7 deadly sins. On paper, ""Pride"" doesn't sound that bad right? What's so wrong in having a bit of respect for yourself and why is ""Pride"" said to be worse than Envy, Greed, Lust or Wrath/Rage, all of which look instantly dangerous. This film sketches out all the answers to that. Pride is called the ""root/father of all sins"" because it doesn't just destroy you by itself but it subconsciously plants the seeds for all the 6 other deadly sins. ""I still remember those cheers, they still ring in my ears"" is the iconic opening line of the film where Jake reflects on where his immense amounts of pride stemmed from: the success and validation being a great boxer brought him.",analysis,"Primary purpose appears to solicit explanation, comparison, recommendation, or debate.",https://www.reddit.com/r/TrueFilm/comments/1uhtggd/martin_scorseses_raging_bull_1980_analysis_of_the/,post,reviewed,Relabeled during QC: discussion_question → analysis
"The end of Johnnie To's Sparrow (2008)

So in the end the old mobster basically sets out the condition for the girl's release - if the pickpockets can take the passport from one location to another without losing it she goes free. But the thing is the old man manages to recover the passport by slicing at the leader's jacket with a blade, although drawing blood as well. Why does the old man release the girl then? Is it because he drew blood, which is a no-no for a pickpocket (as it would alert the person being robbed)?",discussion_question,"Primary purpose appears to solicit explanation, comparison, recommendation, or debate.",https://www.reddit.com/r/TrueFilm/comments/1jieryz/the_end_of_johnnie_tos_sparrow_2008/,post,reviewed,Kept original label after QC/spot-check
"Lack of Feature Medical Dramas, some questions

It hasn't gone unnoticed that compared to legal dramas, cop procedurals, and other genre staples in television, medical dramas are lacking in number in feature films. There's plenty of reasons why to speculate, but the next question is what does that say about film as a medium and what people look for in films? What medical movies do exist and how do they function? After all the film movements, technological changes, and social progress, medical films have overall been limited more than one would expect of the genre. Medical shows never went out of style and it's not surprising that they would be considered the form to tell these kinds of stories. The Pitt has recently raised the bar of medical dramas, getting attention for its realism and accuracy, its self-contained narrative premise with the season taking place in one day, its tackling of recent and not so recent issues like Covid and mass shootings, among others. Grey's Anatomy is on its 22nd season. New medical shows premiere every year. It's not that medical movies aren't made at all, but one would think a familiar subject, central to everyone's experience, would get more attention. Early movies featuring doctors or scientists dealing with medicine in films like Arrowsmith, The Story of Louis Pasteur, and the Citadel didn't focus on the process of diagnosis and treatment like today. Grit and tension in making sure the patient would survive and the doctor wasn't in any danger of a lawsuit are a couple of traits of the modern medical drama (MMD). These films were praised and The Citadel was groundbreaking for the time even if it's too predictable and by-the-numbers today. Within these films, while there are major and minor similarities, I don't know if I would say there's a genre being created where an audience could identify and expect certain tropes and codes to occur. The films do present dilemmas where the ends justify the means, and there's conflict with established medical institutions holding science back because of their biases and traditions. They focus on single men instead of teams of people. They're very much of their time in having ""the wife"" be limited in their roles. With modern eyes, there isn't a hook to these films, narratively speaking. The MMD highlights a political or social issue that can be encountered through a medical case, and they care more about all kinds of representation, both in patients and healthcare workers. By the end of these films, despite any darkness, the future of medicine and the lives of the characters are extremely optimistic, too optimistic for modern viewers I'd say. The way they search for a cure crosses over to other scientific discovery films like Madame Curie (1943). There's an idealistic optimism and while the films don't shy away from technical dialogue, it's nothing like the medical jargon in MMDs. Dark Victory (1939) is about socialite played by Bette Davis slowly dying from a brain tumor. The decisions by the doctor are outrageous by today's standards since he doesn't tell her she has less than a year to live but tells everyone else. The film takes a decent amount of care in showing the tests to diagnose and the steps to reach surgery. However, Dark Victory is more so using the Leading Woman Illness, rather than depicting the realities of a real one, so the Hollywood star can remain beautiful and talkative until her final moments.",discussion_question,"Primary purpose appears to solicit explanation, comparison, recommendation, or debate.",https://www.reddit.com/r/TrueFilm/comments/1ln98pk/lack_of_feature_medical_dramas_some_questions/,post,reviewed,Kept original label after QC/spot-check
"How do you network with other film critics?

How do you network with other film critics online as as a newer youtube/online film critic? Through online platforms and not feel like an imposter or desperate even though I genuinely want to be apart of that community. It seams really cool and I’d like to get a point in which I’m apart of it. I know that’s a weird simplification but it’s what I want to do and I don’t know how. Eventually I want move out LA closer to all the exciting film related stuff as I don’t live in place that gets early access screenings, and 70mm showings of films etc.",discussion_question,"Primary purpose appears to solicit explanation, comparison, recommendation, or debate.",https://www.reddit.com/r/TrueFilm/comments/1npzcel/how_do_you_network_with_other_film_critics/,post,reviewed,Kept original label after QC/spot-check
"Sad films?

Can someone recommend some depressing films and/or films that cater to those going through heartbreak. I admit, I'm kind of a beginner to watching films but I really enjoy Iranian cinema and in addition to that, films that don't have too much going on but are thought-provoking. So, I would appreciate recommendations similar to that. Thanks! Oh and I hate sci-fi so nothing like that please lol",discussion_question,"Primary purpose appears to solicit explanation, comparison, recommendation, or debate.",https://www.reddit.com/r/TrueFilm/comments/1jlrpij/sad_films/,post,reviewed,Kept original label after QC/spot-check
what movies with underwater kisses do you know?,discussion_question,"Primary purpose appears to solicit explanation, comparison, recommendation, or debate.",https://www.reddit.com/r/TrueFilm/comments/1jkwn82/what_movies_with_underwater_kisses_do_you_know/,post,reviewed,Kept original label after QC/spot-check
"Tightly paced silent slapstick recommendations?

I really like Fleischer’s Betty Boop shorts from roughly the same era. So, maybe shorts are the way to go? An example of a newer (in this context) film that I find very well-paced is ”Singing in the Rain.” I know that movies from the 20s and 30s were yet to adapt the narrative form we’re used to today, but I’m looking for more gags and less story, is what I’m saying.",discussion_question,"Primary purpose appears to solicit explanation, comparison, recommendation, or debate.",https://www.reddit.com/r/TrueFilm/comments/1jjo33f/tightly_paced_silent_slapstick_recommendations/,post,reviewed,Kept original label after QC/spot-check
"Has anyone archived festival prints of “In The Name of Buddha” by Rajesh Touchriver 2002

Been searching on an off for the better part of 10 years and have yet to be able to obtain a copy. Have only recently contacted the production company as well as the director but have had no such luck in getting a response. Any suggestions on how to proceed next? Should I start contacting film festivals for any archival copies that they may have, are they likely to provide it to me? Thanks!",discussion_question,"Primary purpose appears to solicit explanation, comparison, recommendation, or debate.",https://www.reddit.com/r/TrueFilm/comments/1lnodqh/has_anyone_archived_festival_prints_of_in_the/,post,reviewed,Kept original label after QC/spot-check
"Persona

Persona and Winter Light were the two films that Bergman himself considered to be his best films. It is Bergman's most experimental film and it is demanding and disturbing even by Bergman standards, but it is a film like no other. It is a dreamlike film, where it is hard to tell what is dream and what is reality. Actually, nothing is reality as this is film. In this film you repeately get reminded that you are watching a film, that this isn't reality, as you get to see the film crew, a film strip in flames etc. It deals with the subject matter of art versus reality and also with identities. It features Liv Ullman who is playing a patient and Bibi Andersson who is playing a nurse. They switch identities with each other. In my opinion, Persona is one if the best films ever made. This is the basics of what I have to say about this film. What are your thoughts and opinions about it?",analysis,"Primary purpose appears to solicit explanation, comparison, recommendation, or debate.",https://www.reddit.com/r/TrueFilm/comments/1nupvb7/persona/,post,reviewed,Relabeled during QC: discussion_question → analysis
"OBAA: Christmas Adventurers Club & Sensie’s ‘Underground Railroad’

Saw the movie last night and something I haven’t seen brought up is the parallels between Christmas Adventurers Club & Sensei’s ‘Underground Railroad’. When Sensei said, ‘We’ve been laid siege for centuries’ that sounded exactly like something the CAC would say about immigrants. The CAC & the Underground Railroad are both highly organized with contingency’s, boots on the ground information, extensive networks & escape routes. They both know how to use the established system and laws to what best suits their needs. The suspected heroin operation to justify raids, Molotov cocktail to justify police escalation, etc. The diabetic patient needs to be admitted to ER, the DUI to help Bob escape and that it was trash being thrown. These are two ‘armies’ that have fought each other for ‘centuries’, they know each other and have established move & counter moves. Furthermore, they are both an established community. CAC guy (sorry don’t remember name, shot Lockjaw) said hello to the mom (wife?) and asked about her famous pancakes before meeting with CAC. Sensei introduces Bob and says hello to the families he’s helping. No code names. Take those interactions paralleled between Bobs first (presumably) interaction with the 75, he’s not introduced at all. I’ve seen some ‘same coin different sides’ points for the CAC vs. 75, but not for the Underground. Maybe through the lens of violence / ego / power they are similar, but in terms of structure the CAC looks more like the Underground to me. All the points about ego, self preservation, power, community and fatherhood are there but to me it was the exploration of a new rebellion in its infancy and the obvious faults within it, not a criticism or praise of it; similar to the Andor series. Today, you have mostly white protestors outside of ICE facilities, white male shooters, ANTIFA, DEI & proper pronouns, etc. How does the PMC enter into the rebellion when it has no experience whatsoever? One Battle After Another is completely new to the 75, they’ve been in a handful and then they were practically dissolved. That 100 years war motif fits more with the CAC & the Underground. Sorry if I butchered some examples but those are the ones I could think of off the top of my head. Thoughts?",analysis,"Primary purpose appears to solicit explanation, comparison, recommendation, or debate.",https://www.reddit.com/r/TrueFilm/comments/1ntv1ue/obaa_christmas_adventurers_club_sensies/,post,reviewed,Relabeled during QC: discussion_question → analysis
"How did you interpret one battle after another?

Just saw this movie and while I liked it, I’m kinda scratching my head as to what the message was. It seems like there was a hyperbolic caricature of the left vs a hyperbolic caricature of the right, and this somewhat imaginary conflict between the two. I felt like it was saying, look at this ridiculous group of people on each side and the ridiculous situation they find themselves in. It wasn’t outright saying, “if you identify with either group, you are silly and ridiculous,” but it kinda felt like it was going that way? I was entertained and had some good laughs. How did you interpret the movie? I saw it alone and had nobody else to talk to about it. The fact that it’s stuck in my head this long is a good sign. Highly recommend you see it if you haven’t!",discussion_question,"Primary purpose appears to solicit explanation, comparison, recommendation, or debate.",https://www.reddit.com/r/TrueFilm/comments/1nt1sg5/how_did_you_interpret_one_battle_after_another/,post,reviewed,Kept original label after QC/spot-check
And how is that story communicated to the audience?,discussion_question,"Primary purpose appears to solicit explanation, comparison, recommendation, or debate.",https://www.reddit.com/r/TrueFilm/comments/1s8omv7/is_it_possible_for_a_film_to_be_great_if_its/odl9d5f/,comment,reviewed,Kept original label after QC/spot-check
"If the creator disagrees with an interpretation, how is that not invalidating it?",discussion_question,"Primary purpose appears to solicit explanation, comparison, recommendation, or debate.",https://www.reddit.com/r/TrueFilm/comments/1s8vjmg/what_if_asking_what_does_this_film_mean_is_not/odkl3hg/,comment,reviewed,Kept original label after QC/spot-check
"Better Film

So The Human Condition (No Greater Love) I am hearing that is the best film and trilogy one has ever seen. Is there a movie you guys think is better? Or at least one that you liked more? For example, I hear some say YiYi (2000) was better or that Harakiri they liked it. I personally think it was incredible but War and Peace 1965 was to me a fantastic movie. Ofc it’s hard to compare these films and I don’t think it’s possible to label one as objectively better but I’d love to know which movies you thought were “better” from your subjective experience and maybe some objective points in a film that you liked more like cinematography or other things!",discussion_question,"Primary purpose appears to solicit explanation, comparison, recommendation, or debate.",https://www.reddit.com/r/TrueFilm/comments/1uiz9uv/better_film/,post,reviewed,Kept original label after QC/spot-check
"Why is sadness perceived as more profound than happiness?

[removed]",discussion_question,"Primary purpose appears to solicit explanation, comparison, recommendation, or debate.",https://www.reddit.com/r/TrueFilm/comments/1uiant9/why_is_sadness_perceived_as_more_profound_than/,post,reviewed,Kept original label after QC/spot-check
Does anyone know how Ingmar Bergman truly felt about the theatrical cut of Fanny and Alexander?,discussion_question,"Primary purpose appears to solicit explanation, comparison, recommendation, or debate.",https://www.reddit.com/r/TrueFilm/comments/1uh8u69/does_anyone_know_how_ingmar_bergman_truly_felt/,post,reviewed,Kept original label after QC/spot-check
"What’s the Most Overlooked Movie Performance You’ve Seen?

Hey everyone! We always talk about the iconic performances, but I want to hear about the ones that didn’t get enough love. You know, those performances that were so subtle, so layered, that maybe they flew under the radar or didn’t get the recognition they deserved. For example, I think Toni Collette in Hereditary is one of the most underrated performances in recent years. She’s absolutely devastating in the role, and it’s so easy to forget just how much she carries the emotional weight of the film, especially considering the film’s genre. So, what’s your pick? Which performances do you feel should’ve received more attention or praise? Looking forward to hearing your picks!",discussion_question,"Primary purpose appears to solicit explanation, comparison, recommendation, or debate.",https://www.reddit.com/r/TrueFilm/comments/1jnyct1/whats_the_most_overlooked_movie_performance_youve/,post,reviewed,Kept original label after QC/spot-check
"No Country For Old Men - Discussion

I initially hated No Country For Old Men, but have grown to recognize it as a well-made, intelligent crime thriller. However, there are certain plot details I don't understand. Firstly, why does Llewelyn Moss (Josh Brolin) go back to give the shot Cartel member water? The implication is sympathy or empathy, but I don't understand why he would feel so. It also doesn't make any rational sense at all, something even the character recognizes. Secondly, what was Moss' plan to get away with the money? Was he trying to outlast every assassin the Cartel were sending after him? Wouldn't have been easier for him and Carla Jean just go to an airport and fly to a different state or something? And Thirdly, why does Anton Chigurh kill members from both parties of the drug deal? Is he trying to avoid being followed by or traced to them? Is he offended the corporation sent Carson Wells and the Mexicans to find the money? These ""plotholes"" don't ruin the film. I just want to understand why the writers, directors, etc., made such specific narrative choices.",discussion_question,"Primary purpose appears to solicit explanation, comparison, recommendation, or debate.",https://www.reddit.com/r/TrueFilm/comments/1jnkcn1/no_country_for_old_men_discussion/,post,reviewed,Kept original label after QC/spot-check
"Marty Supreme is the weakest of the three

I found Good Time and especially Uncut Gems a lot better than Marty Supreme imo. A film of this kind should almost always have a tragic angle to it much like Uncut Gems, which I always gravitate towards. After all the shit that happens, it's kind of lame that nothing bad happens to any of the primary characters as a comeuppance for their behavior. I don't really care about the redeeming arc. Yes, he now sees something beyond fame and ego and narcissism, and that's love for his partner and baby. How cute. It just doesn't fit this style of film, and I was expecting an ending of fireworks like Uncut Gems. Oh well...performances are all great, very quality filmmaking, but I think the narrative just let me down at the end.",opinion,Added during QC to strengthen the underrepresented opinion class.,https://www.reddit.com/r/TrueFilm/comments/1pxg8ya/marty_supreme_is_the_weakest_of_the_three/,post,reviewed_added,Manually selected as a clear opinion example during QC.
"Jurassic Park (1993) deserved Best Picture despite not being nominated

This movie was so overlooked by the Academy. It did win a few awards, but not receiving a nomination for Best Picture was baffling. It was one of the greatest technical achievements in the history of Hollywood, had some of the best directing, cinematography, and set design of the decade. In retrospect, it is arguably the most influential film of the last 30 years, and had a substantial effect on directors from Lucas to Kubrick at the time of its release. It also devoured the box office and revolutionized movie making. Ultimately, perhaps the Academy didn't want to nominate Spielberg twice, but Jurassic Park is the more impressive and enduring of his films from 1993.",opinion,Added during QC to strengthen the underrepresented opinion class.,https://www.reddit.com/r/TrueFilm/comments/1pztcwn/jurassic_park_1993_deserved_best_picture_despite/,post,reviewed_added,Manually selected as a clear opinion example during QC.
"Backrooms one of the worst movies ever

Backrooms is one of the most horrible movies in the whole wide world that's ever been and it's one of the most bad movies you'll ever see in your life. It was listed as one of the most successful movies alongside obsession but obsession was ten times the movie this one is. Backrooms was clearly written by AI and I'm tired of typing because THIS STUPID WORD COUNT REQUIREMENT WANTS ME TO GO ON AN ON AND ON AND ON!",opinion,Added during QC to strengthen the underrepresented opinion class.,https://www.reddit.com/r/TrueFilm/comments/1uk0pjw/backrooms_one_of_the_worst_movies_ever/,post,reviewed_added,Manually selected as a clear opinion example during QC.
"Baby Invasion And The Foretelling Of Something Even Worse

Watched Baby Invasion twice because I’m just like that. The first time I was generally bored, just didn’t get it. The second time I saw it I felt something deeper, darker, something I can’t quite put into words. It felt somehow emptier than pure provocation, like it’s the fore-coming of a new form of degradation that we don’t have the words to describe. Those long pauses where nothing happens, someone’s thinking something but we’re not privy to what it is. That post irony provocation and just wandering around are now on the same level.",opinion,Added during QC to strengthen the underrepresented opinion class.,https://www.reddit.com/r/TrueFilm/comments/1jhqc4u/baby_invasion_and_the_foretelling_of_something/,post,reviewed_added,Manually selected as a clear opinion example during QC.
"It's a towering work of genius and a gleefully unhinged crowd-pleaser... assuming that the crowd is conscious & intelligent. I saw it when it first came out on DVD, & my friends & I all had the same experience- basically, anyone who was awake & aware & knew WTF was actually going on in the world at that moment Loved it. Anyone who *didn't* was invariably confused & angered.",opinion,Added during QC to strengthen the underrepresented opinion class.,https://www.reddit.com/r/TrueFilm/comments/ca61zo/the_first_draft_of_richard_kellys_southland_tales/mkqndll/,comment,reviewed_added,Manually selected as a clear opinion example during QC.
"Congo wanted to be Jurassic Park, but it was a little too goofy and pulpy to pull that off. But that's also why it's still worth watching nowadays, the constant odd touches of colour. Besides the completely over the top finale, there's several memorable moments scattered all around. Delroy Lindo and Tim Curry battle over who gets the most scenery-chewing performance and Ernie Hudson glides through the film confidently. However, I've always felt like this kind of extravagant adventure needed a leading duo a bit more forceful and dynamic than what Dylan Walsh and Laura Linney gives us, who would dive more gleefully into this world. Bruce Campbell was right there, in one of his typical blink-and-you'll-miss-him-cameos, and I'll forever wonder what Congo with Campbell as the lead could have been like.",opinion,Added during QC to strengthen the underrepresented opinion class.,https://www.reddit.com/r/TrueFilm/comments/1jo3euk/revisiting_congo_1995_bmovie_adventure_with_alist/mkqlo19/,comment,reviewed_added,Manually selected as a clear opinion example during QC.
"Yeah, it's an absolutely gorgeous and effective film. A modern classic for sure. Glad you are stepping out of your comfort zones and finding a whole new world of art and ideas that you otherwise may have missed out on.",opinion,Added during QC to strengthen the underrepresented opinion class.,https://www.reddit.com/r/TrueFilm/comments/1job6yh/portrait_of_a_lady_on_fire_might_be_one_of_my/mkqi8fj/,comment,reviewed_added,Manually selected as a clear opinion example during QC.
"Anyone find The Departed really not that good...

This is the movie that won Scorsese, Best Director, and it not only that, it also won Best Picture. I am convinced if some much less regarded director had made this film it would have been lambasted and flopped. Jack Nicholson feels wasted and disinterested. Most of the performances are either insipid or cartoonish. Mark Wahlberg provides the most believable role. The plot is also pretty absurd and even nonsensical at times. Somehow it's regarded as one of the best films of the 21st century. It isn't just that Scorsese has made much better films, it's that The Departed is an utter mediocre crime drama. Even Scorsese looked stunned when he won Best Director!",opinion,Added during QC to strengthen the underrepresented opinion class.,https://www.reddit.com/r/TrueFilm/comments/1pvsp6v/anyone_find_the_departed_really_not_that_good/,post,reviewed_added,Manually selected as a clear opinion example during QC.
"PTA is genius of subtle and unexpected humor

what do you think of comedy aspect of PTA'S movies like the amount of simple and unexpected comedy moments have in his movies is just something made him such genius director. whats your fav pta's movie which have unexpected funny moments except one battle after another. my fav in whole climax scene of there will be blood I AM THE THIRD REVELATION!!!! i even made a short essay type video on this topics too [here](https://youtu.be/PAi5dPQ0f9I)",opinion,Added during QC to strengthen the underrepresented opinion class.,https://www.reddit.com/r/TrueFilm/comments/1puq4z7/pta_is_genius_of_subtle_and_unexpected_humor/,post,reviewed_added,Manually selected as a clear opinion example during QC.
"I also agree with you, hence why I stated I still love it for its merits. It's my opinion that it is a shallow adaptation of the book, and that's OK too. Many great films are shallow adaptations of their source materials.",opinion,Added during QC to strengthen the underrepresented opinion class.,https://www.reddit.com/r/TrueFilm/comments/1s8vnax/in_poor_things_2023_was_the_message_really/odkxugv/,comment,reviewed_added,Manually selected as a clear opinion example during QC.
